保姆家政,其它,20-99人,2019-09-10 14:12:00,学历不限,社区/居民/家政服务,1-3年,天津市天冠麟工贸有限公司,4K-6K,天津-滨海新区,包吃
保姆,民营,20-99人,2019-09-18 16:46:38,学历不限,社区/居民/家政服务,不限,深圳新金领教育咨询有限公司,8K-10K,钦州,包吃包住加班补助员工旅游节日福利
住家保姆,学校/下级学院,20-99人,2019-09-06 09:33:54,学历不限,社区/居民/家政服务,不限,南京慧学职业培训学校,8K-10K,南京,
5千住家保姆包吃住,民营,100-499人,2019-09-19 10:14:22,学历不限,社区/居民/家政服务,不限,成都市若爱家庭服务有限公司,4K-6K,成都,年底双薪加班补助包吃包住带薪年假
外企急招保姆、保洁员,其它,100-499人,2019-09-11 16:39:53,学历不限,社区/居民/家政服务,不限,郑州沙鸥文化传媒有限公司,30K-50K,松原-宁江区,带薪年假包吃包住
家政保姆,民营,20-99人,2019-09-12 16:52:30,学历不限,社区/居民/家政服务,5-10年,广州草本智胜生物科技有限公司,4K-6K,广州,
家庭保姆,民营,100-499人,2019-09-14 17:32:15,中专,社区/居民/家政服务,不限,山西宝力房地产开发有限公司,3K-4K,太原,包吃包住
高薪急招保姆、住家保姆,民营,100-499人,2019-09-17 10:20:02,学历不限,其他,不限,深圳市好满意家政服务有限公司,6K-8K,深圳-龙华新区,
急住家保姆5500工资包吃住/有无经验都可,民营,100-499人,2019-09-17 18:08:48,学历不限,社区/居民/家政服务,不限,深圳市家贝贝母婴护理培训有限公司,6K-8K,南昌,五险一金包吃定期体检加班补助
9千急聘带孩子住家保姆,民营,不限,2019-09-16 20:41:16,学历不限,社区/居民/家政服务,不限,深圳市深爱天使家政服务有限责任公司,8K-10K,深圳,包吃包住餐补加班补助弹性工作
做保姆不如做月嫂,民营,100-499人,2019-09-11 14:43:54,学历不限,社区/居民/家政服务,不限,成都市若爱家庭服务有限公司,6K-8K,成都,年底双薪加班补助包吃包住交通补助
8千招育婴保姆接受新手,其它,不限,2019-09-11 14:38:36,学历不限,社区/居民/家政服务,不限,东莞市康乃馨家庭服务有限公司,6K-8K,东莞,包吃包住年底双薪
七零八零九零做保姆月过万,其它,不限,2019-09-11 14:39:41,学历不限,社区/居民/家政服务,不限,东莞市康乃馨家庭服务有限公司,10K-15K,东莞,包吃包住年底双薪
赛迪恩视保姆诚聘助教,其它,20-99人,2019-09-10 00:50:17,学历不限,教育/培训,不限,日照市东港区秦楼街道赛迪恩视力保健中心,6K-8K,日照,五险一金绩效奖金全勤奖餐补节日福利
外企急招保姆/保洁员/月嫂,其它,100-499人,2019-09-11 16:48:47,学历不限,社区/居民/家政服务,不限,郑州沙鸥文化传媒有限公司,30K-50K,威海,带薪年假包吃包住
保姆,民营,100-499人,2019-09-10 14:54:53,学历不限,社区/居民/家政服务,不限,山东锦泽实业集团有限公司,2.9K-3K,济南-高新区,每年多次调薪绩效奖金节日福利员工旅游包住
保姆家政,民营,20-99人,2019-09-17 16:32:14,学历不限,社区/居民/家政服务,不限,烟台欧莎莱进出口有限公司,2K-4K,烟台-芝罘区,绩效奖金年终分红带薪年假补充医疗保险定期体检
外遣项目年薪50万雇主直聘司机/安保/家政/保姆出国人员,民营,20-99人,2019-09-16 10:12:02,学历不限,社区/居民/家政服务,不限,天津正华达建筑劳务有限公司,30K-50K,沈阳,包吃包住加班补助年底双薪带薪年假
保姆做饭师/就近/6-8k,民营,20-99人,2019-09-11 20:34:55,学历不限,社区/居民/家政服务,不限,合肥羽墨文化传播有限公司,6K-8K,苏州,五险一金年底双薪绩效奖金餐补全勤奖
高级保姆,民营,100-499人,2019-09-16 09:10:26,大专,教育/培训,1-3年,黑龙江省玉影建筑安装工程有限公司,5K-10K,哈尔滨,包吃
保姆,民营,20-99人,2019-09-18 16:45:38,学历不限,社区/居民/家政服务,不限,深圳新金领教育咨询有限公司,8K-10K,河池,包吃包住加班补助员工旅游节日福利
6k起招保姆月嫂无经验可培训,民营,100-499人,2019-09-12 10:41:54,学历不限,社区/居民/家政服务,不限,深圳市金蚂蚁装饰工程有限公司,6.5K-10K,深圳,五险一金全勤奖包吃包住绩效奖金
7千找住家不住家保姆,民营,100-499人,2019-09-19 10:13:37,学历不限,社区/居民/家政服务,不限,成都市若爱家庭服务有限公司,8K-10K,成都,全勤奖年底双薪加班补助包吃包住
外遣项目年薪50万雇主直聘安保/家政/保姆出国人员,民营,100-499人,2019-09-12 15:21:16,学历不限,社区/居民/家政服务,不限,重庆汇博嘉福广告传媒有限公司,30K-50K,西安,全勤奖包吃包住交通补助加班补助
厨房钟点工、保姆.月嫂有无经验均可,民营,100-499人,2019-09-17 10:19:54,学历不限,其他,不限,深圳市好满意家政服务有限公司,4K-6K,深圳-龙华新区,
保姆幼师全职家教,民营,100-499人,2019-09-16 00:50:02,大专,教育/培训,1-3年,黑龙江省玉影建筑安装工程有限公司,5K-10K,哈尔滨,包吃包住
保姆家政 厨师,民营,20-99人,2019-09-19 10:34:37,学历不限,烹饪/料理/食品研发,1-3年,天津福隆海运集团有限公司,4K-6K,天津,包吃弹性工作周末双休年底双薪试用期全额
保安保姆保洁,股份制企业,不限,2019-09-20 07:42:14,高中,社区/居民/家政服务,不限,北京华玉汇鑫家庭服务有限公司,4K-8K,北京,包吃包住无试用期加班补助免费班车
保姆,国企,20-99人,2019-09-18 17:50:05,学历不限,社区/居民/家政服务,不限,《时代书画报》社有限公司,4K-6K,北京,包吃包住
保姆月嫂无经验可培训,民营,100-499人,2019-09-17 10:19:45,学历不限,社区/居民/家政服务,不限,深圳市好满意家政服务有限公司,6.5K-12K,深圳-龙华新区,五险一金包吃包住弹性工作补充医疗保险
6000急招保姆无经验 ,民营,100-499人,2019-09-18 10:16:14,学历不限,社区/居民/家政服务,不限,成都市若爱家庭服务有限公司,3.5K-6.5K,成都,五险一金全勤奖加班补助包住包吃
急招保姆.月嫂.家政服务人员,民营,100-499人,2019-09-17 10:19:50,学历不限,社区/居民/家政服务,不限,深圳市好满意家政服务有限公司,6K-8K,深圳-龙华新区,五险一金年底双薪绩效奖金全勤奖包吃
保姆招商,股份制企业,100-499人,2019-09-05 17:46:46,大专,客服/售前/售后技术支持,1-3年,北京好孕妈妈教育咨询有限公司,5K-8K,广州,五险一金包住餐补加班补助弹性工作
住家保姆,国企,20-99人,2019-09-18 17:50:18,学历不限,社区/居民/家政服务,不限,《时代书画报》社有限公司,4K-6K,北京,包吃包住
急招家政保姆/新熟手均可,民营,100-499人,2019-09-17 10:19:52,学历不限,社区/居民/家政服务,不限,深圳市好满意家政服务有限公司,6K-12K,深圳-龙华新区,定期体检补充医疗保险弹性工作包吃包住
若爱家政急招住家保姆,民营,100-499人,2019-09-18 10:14:03,学历不限,社区/居民/家政服务,不限,成都市若爱家庭服务有限公司,2K-4K,成都,年底双薪包住包吃全勤奖定期体检
保姆培训师,民营,100-499人,2019-09-07 15:39:45,中专,人力资源,3-5年,厦门好邦伲家政服务有限公司,4K-6K,深圳-福田区,五险一金绩效奖金带薪年假
8千急招有无经验保姆/护工/月嫂/育婴师/老人护理,民营,100-499人,2019-09-19 15:33:51,学历不限,社区/居民/家政服务,不限,深圳市英港多多家政服务有限公司,6K-12K,深圳,年底双薪包住包吃带薪年假加班补助
保姆护工 包吃住 ,股份制企业,1000-9999人,2019-09-04 10:06:30,学历不限,社区/居民/家政服务,不限,点米立德(深圳)科技有限公司,4K-6K,成都-成华区,五险一金绩效奖金试用期全额高温补贴不加班
急招家政人员/保姆/钟点工数名,民营,100-499人,2019-09-17 10:19:53,学历不限,社区/居民/家政服务,不限,深圳市好满意家政服务有限公司,6K-12K,深圳-龙华新区,定期体检补充医疗保险弹性工作包吃包住
急招有无经验保姆/护工/月嫂/育婴师/老人护理 月入过万不是梦,民营,100-499人,2019-09-19 15:34:03,学历不限,社区/居民/家政服务,不限,深圳市英港多多家政服务有限公司,7K-10K,深圳,年底双薪包住包吃带薪年假加班补助
外遣项目年薪50万雇主直聘安保/家政/保姆出国人员,民营,20-99人,2019-09-16 10:12:33,学历不限,社区/居民/家政服务,无经验,天津正华达建筑劳务有限公司,30K-50K,北京,包吃包住加班补助年底双薪带薪年假
保姆,民营,20-99人,2019-09-09 13:20:02,学历不限,社区/居民/家政服务,不限,黑龙江虫马虫义信息技术咨询有限公司,2K-4K,哈尔滨-香坊区,五险一金绩效奖金加班补助全勤奖包吃
家政员/保姆/阿姨,民营,100-499人,2019-09-06 10:45:56,高中,行政/后勤/文秘,不限,北京阿姨来了信息科技有限公司,4K-6K,合肥,包住包吃全勤奖餐补
外遣项目年薪50万雇主直聘安保/家政/保姆出国人员,民营,20-99人,2019-09-16 10:12:32,学历不限,社区/居民/家政服务,不限,天津正华达建筑劳务有限公司,30K-50K,成都,包吃包住加班补助年底双薪带薪年假
家庭保姆,民营,100-499人,2019-09-17 10:19:53,学历不限,社区/居民/家政服务,不限,深圳市好满意家政服务有限公司,6K-12K,深圳-龙华新区,定期体检补充医疗保险弹性工作包吃包住
急招家政保姆/新熟手均可,民营,100-499人,2019-09-16 17:52:08,学历不限,社区/居民/家政服务,不限,帝赫尼家居(深圳)有限公司,6K-12K,深圳,五险一金包吃包住全勤奖弹性工作
新西兰/铲车司机/保姆/钢筋工/木工/瓦工/电焊工/电工/厨师/漆工,其它,100-499人,2019-09-17 20:17:09,学历不限,技工/操作工,1年以下,辽宁速达出入境服务有限公司,15K-20K,延安,五险一金全勤奖包吃包住房补
保姆顾问,民营,500-999人,2019-09-15 13:44:16,学历不限,销售业务,不限,苏州灿晟信息科技有限公司,6K-8K,苏州,绩效奖金带薪年假弹性工作节日福利员工旅游
新西兰/铲车司机/保姆/钢筋工/木工/瓦工/电焊工/电工/厨师/漆工,其它,100-499人,2019-09-17 20:17:09,学历不限,技工/操作工,1年以下,辽宁速达出入境服务有限公司,15K-20K,恩施,五险一金全勤奖包吃包住房补
澳洲/电焊工/油漆工/叉车工/搬运工/司机/厨师/保姆/木工/瓦工,其它,100-499人,2019-09-17 20:06:36,学历不限,技工/操作工,1年以下,辽宁速达出入境服务有限公司,15K-20K,莆田,五险一金全勤奖包吃包住房补
新西兰/铲车司机/保姆/钢筋工/木工/瓦工/电焊工/电工/厨师/漆工,其它,100-499人,2019-09-17 20:17:09,学历不限,技工/操作工,1年以下,辽宁速达出入境服务有限公司,15K-20K,营口,五险一金全勤奖包吃包住房补
澳洲/电焊工/油漆工/叉车工/搬运工/司机/厨师/保姆/木工/瓦工,其它,100-499人,2019-09-17 20:06:36,学历不限,技工/操作工,1年以下,辽宁速达出入境服务有限公司,15K-20K,唐山,五险一金全勤奖包吃包住房补
保姆0905,学校/下级学院,20-99人,2019-09-05 19:38:25,博士,社区/居民/家政服务,5-10年,ihr-ceshi0905-1,1K以下,铁门关,
保姆222,社会团体,20-99人,2019-09-10 21:50:02,博士,互联网产品/运营管理,10年以上,ihr-ceshi910-01,1K以下,北屯区,
澳洲/电焊工/油漆工/叉车工/搬运工/司机/厨师/保姆/木工/瓦工,其它,100-499人,2019-09-17 20:06:36,学历不限,技工/操作工,1年以下,辽宁速达出入境服务有限公司,15K-20K,蚌埠,五险一金全勤奖包吃包住房补
【急聘】保姆,民营,100-499人,2019-09-05 14:24:38,中技,社区/居民/家政服务,3-5年,贵州伟德明思(集团)教育科技有限公司,4K-6K,贵阳-云岩区,五险一金带薪年假全勤奖餐补节日福利
新西兰/铲车司机/保姆/钢筋工/木工/瓦工/电焊工/电工/厨师/漆工,其它,100-499人,2019-09-17 20:17:09,学历不限,技工/操作工,1年以下,辽宁速达出入境服务有限公司,15K-20K,三明,五险一金全勤奖包吃包住房补
澳洲/电焊工/油漆工/叉车工/搬运工/司机/厨师/保姆/木工/瓦工,其它,100-499人,2019-09-17 20:06:36,学历不限,技工/操作工,1年以下,辽宁速达出入境服务有限公司,15K-20K,日照,五险一金全勤奖包吃包住房补
澳洲/电焊工/油漆工/叉车工/搬运工/司机/厨师/保姆/木工/瓦工,其它,100-499人,2019-09-17 20:06:36,学历不限,技工/操作工,1年以下,辽宁速达出入境服务有限公司,15K-20K,连云港,五险一金全勤奖包吃包住房补
澳洲/电焊工/油漆工/叉车工/搬运工/司机/厨师/保姆/木工/瓦工,其它,100-499人,2019-09-17 20:06:36,学历不限,技工/操作工,1年以下,辽宁速达出入境服务有限公司,15K-20K,大同,五险一金全勤奖包吃包住房补
澳洲/电焊工/油漆工/叉车工/搬运工/司机/厨师/保姆/木工/瓦工,其它,100-499人,2019-09-17 20:06:36,学历不限,技工/操作工,1年以下,辽宁速达出入境服务有限公司,15K-20K,秦皇岛,五险一金全勤奖包吃包住房补
新西兰/铲车司机/保姆/钢筋工/木工/瓦工/电焊工/电工/厨师/漆工,其它,100-499人,2019-09-17 20:17:09,学历不限,技工/操作工,1年以下,辽宁速达出入境服务有限公司,15K-20K,永济市,五险一金全勤奖包吃包住房补
新西兰/铲车司机/保姆/钢筋工/木工/瓦工/电焊工/电工/厨师/漆工,其它,100-499人,2019-09-17 20:17:09,学历不限,技工/操作工,1年以下,辽宁速达出入境服务有限公司,15K-20K,濮阳,五险一金全勤奖包吃包住房补
新西兰/铲车司机/保姆/钢筋工/木工/瓦工/电焊工/电工/厨师/漆工,其它,100-499人,2019-09-17 20:17:09,学历不限,技工/操作工,1年以下,辽宁速达出入境服务有限公司,15K-20K,牡丹江,五险一金全勤奖包吃包住房补
新西兰/铲车司机/保姆/钢筋工/木工/瓦工/电焊工/电工/厨师/漆工,其它,100-499人,2019-09-17 20:17:09,学历不限,技工/操作工,1年以下,辽宁速达出入境服务有限公司,15K-20K,驻马店,五险一金全勤奖包吃包住房补
澳洲/电焊工/油漆工/叉车工/搬运工/司机/厨师/保姆/木工/瓦工,其它,100-499人,2019-09-17 20:06:36,学历不限,技工/操作工,1年以下,辽宁速达出入境服务有限公司,15K-20K,潍坊,五险一金全勤奖包吃包住房补
新西兰/铲车司机/保姆/钢筋工/木工/瓦工/电焊工/电工/厨师/漆工,其它,100-499人,2019-09-17 20:17:09,学历不限,技工/操作工,1年以下,辽宁速达出入境服务有限公司,15K-20K,沈阳,五险一金全勤奖包吃包住房补
新西兰/铲车司机/保姆/钢筋工/木工/瓦工/电焊工/电工/厨师/漆工,其它,100-499人,2019-09-17 20:17:09,学历不限,技工/操作工,1年以下,辽宁速达出入境服务有限公司,15K-20K,鹤岗,五险一金全勤奖包吃包住房补
澳洲/电焊工/油漆工/叉车工/搬运工/司机/厨师/保姆/木工/瓦工,其它,100-499人,2019-09-17 20:06:36,学历不限,技工/操作工,1年以下,辽宁速达出入境服务有限公司,15K-20K,临沂,五险一金全勤奖包吃包住房补
新西兰/铲车司机/保姆/钢筋工/木工/瓦工/电焊工/电工/厨师/漆工,其它,100-499人,2019-09-17 20:17:09,学历不限,技工/操作工,1年以下,辽宁速达出入境服务有限公司,15K-20K,锦州,五险一金全勤奖包吃包住房补
保姆,律师事务所,20-99人,2019-09-10 21:24:29,博士,社区/居民/家政服务,5-10年,测试公司910-1,1K以下,昌吉-木垒哈萨克自治县,
新西兰/铲车司机/保姆/钢筋工/木工/瓦工/电焊工/电工/厨师/漆工,其它,100-499人,2019-09-17 20:17:09,学历不限,技工/操作工,1年以下,辽宁速达出入境服务有限公司,15K-20K,鄂尔多斯,五险一金全勤奖包吃包住房补
澳洲/电焊工/油漆工/叉车工/搬运工/司机/厨师/保姆/木工/瓦工,其它,100-499人,2019-09-17 20:06:36,学历不限,技工/操作工,1年以下,辽宁速达出入境服务有限公司,15K-20K,长治,五险一金全勤奖包吃包住房补
澳洲/电焊工/油漆工/叉车工/搬运工/司机/厨师/保姆/木工/瓦工,其它,100-499人,2019-09-17 20:06:36,学历不限,技工/操作工,1年以下,辽宁速达出入境服务有限公司,15K-20K,宿州,五险一金全勤奖包吃包住房补
澳洲/电焊工/油漆工/叉车工/搬运工/司机/厨师/保姆/木工/瓦工,其它,100-499人,2019-09-17 20:06:36,学历不限,技工/操作工,1年以下,辽宁速达出入境服务有限公司,15K-20K,常州,五险一金全勤奖包吃包住房补
新西兰/铲车司机/保姆/钢筋工/木工/瓦工/电焊工/电工/厨师/漆工,其它,100-499人,2019-09-17 20:17:09,学历不限,技工/操作工,1年以下,辽宁速达出入境服务有限公司,15K-20K,许昌,五险一金全勤奖包吃包住房补
澳洲/电焊工/油漆工/叉车工/搬运工/司机/厨师/保姆/木工/瓦工,其它,100-499人,2019-09-17 20:06:36,学历不限,技工/操作工,1年以下,辽宁速达出入境服务有限公司,15K-20K,南通,五险一金全勤奖包吃包住房补
澳洲/电焊工/油漆工/叉车工/搬运工/司机/厨师/保姆/木工/瓦工,其它,100-499人,2019-09-17 20:06:36,学历不限,技工/操作工,1年以下,辽宁速达出入境服务有限公司,15K-20K,盐城,五险一金全勤奖包吃包住房补
澳洲/电焊工/油漆工/叉车工/搬运工/司机/厨师/保姆/木工/瓦工,其它,100-499人,2019-09-17 20:06:36,学历不限,技工/操作工,1年以下,辽宁速达出入境服务有限公司,15K-20K,淮南,五险一金全勤奖包吃包住房补
澳洲/电焊工/油漆工/叉车工/搬运工/司机/厨师/保姆/木工/瓦工,其它,100-499人,2019-09-17 20:06:36,学历不限,技工/操作工,1年以下,辽宁速达出入境服务有限公司,15K-20K,威海,五险一金全勤奖包吃包住房补
新西兰/铲车司机/保姆/钢筋工/木工/瓦工/电焊工/电工/厨师/漆工,其它,100-499人,2019-09-17 20:17:09,学历不限,技工/操作工,1年以下,辽宁速达出入境服务有限公司,15K-20K,庆阳,五险一金全勤奖包吃包住房补
澳洲/电焊工/油漆工/叉车工/搬运工/司机/厨师/保姆/木工/瓦工,其它,100-499人,2019-09-17 20:06:36,学历不限,技工/操作工,1年以下,辽宁速达出入境服务有限公司,15K-20K,安庆,五险一金全勤奖包吃包住房补
新西兰/铲车司机/保姆/钢筋工/木工/瓦工/电焊工/电工/厨师/漆工,其它,100-499人,2019-09-17 20:17:09,学历不限,技工/操作工,1年以下,辽宁速达出入境服务有限公司,15K-20K,大庆,五险一金全勤奖包吃包住房补
新西兰/铲车司机/保姆/钢筋工/木工/瓦工/电焊工/电工/厨师/漆工,其它,100-499人,2019-09-17 20:17:09,学历不限,技工/操作工,1年以下,辽宁速达出入境服务有限公司,15K-20K,绥化,五险一金全勤奖包吃包住房补
澳洲/电焊工/油漆工/叉车工/搬运工/司机/厨师/保姆/木工/瓦工,其它,100-499人,2019-09-17 20:06:36,学历不限,技工/操作工,1年以下,辽宁速达出入境服务有限公司,15K-20K,淄博,五险一金全勤奖包吃包住房补
保姆,股份制企业,1000-9999人,2019-09-19 08:28:33,学历不限,社区/居民/家政服务,不限,易事特集团股份有限公司,4.5K-5K,东莞,五险一金全勤奖节日福利
新西兰/铲车司机/保姆/钢筋工/木工/瓦工/电焊工/电工/厨师/漆工,其它,100-499人,2019-09-17 20:17:09,学历不限,技工/操作工,1年以下,辽宁速达出入境服务有限公司,15K-20K,通辽,五险一金全勤奖包吃包住房补
保姆,民营,100-499人,2019-09-20 10:57:52,学历不限,社区/居民/家政服务,5-10年,承德博堃建设集团有限公司,2K-4K,承德,
澳洲/电焊工/油漆工/叉车工/搬运工/司机/厨师/保姆/木工/瓦工,其它,100-499人,2019-09-17 20:06:36,学历不限,技工/操作工,1年以下,辽宁速达出入境服务有限公司,15K-20K,遵化,五险一金全勤奖包吃包住房补
新西兰/铲车司机/保姆/钢筋工/木工/瓦工/电焊工/电工/厨师/漆工,其它,100-499人,2019-09-17 20:17:09,学历不限,技工/操作工,1年以下,辽宁速达出入境服务有限公司,15K-20K,大庆,五险一金全勤奖包吃包住房补
澳洲/电焊工/油漆工/叉车工/搬运工/司机/厨师/保姆/木工/瓦工,其它,100-499人,2019-09-17 20:06:36,学历不限,技工/操作工,1年以下,辽宁速达出入境服务有限公司,15K-20K,遵化,五险一金全勤奖包吃包住房补
澳洲/电焊工/油漆工/叉车工/搬运工/司机/厨师/保姆/木工/瓦工,其它,100-499人,2019-09-17 20:06:36,学历不限,技工/操作工,1年以下,辽宁速达出入境服务有限公司,15K-20K,淄博,五险一金全勤奖包吃包住房补
新西兰/铲车司机/保姆/钢筋工/木工/瓦工/电焊工/电工/厨师/漆工,其它,100-499人,2019-09-17 20:17:09,学历不限,技工/操作工,1年以下,辽宁速达出入境服务有限公司,15K-20K,通辽,五险一金全勤奖包吃包住房补
新西兰/铲车司机/保姆/钢筋工/木工/瓦工/电焊工/电工/厨师/漆工,其它,100-499人,2019-09-17 20:17:09,学历不限,技工/操作工,1年以下,辽宁速达出入境服务有限公司,15K-20K,濮阳,五险一金全勤奖包吃包住房补
【急聘】保姆,民营,100-499人,2019-09-05 14:24:38,中技,社区/居民/家政服务,3-5年,贵州伟德明思(集团)教育科技有限公司,4K-6K,贵阳-云岩区,五险一金带薪年假全勤奖餐补节日福利
澳洲/电焊工/油漆工/叉车工/搬运工/司机/厨师/保姆/木工/瓦工,其它,100-499人,2019-09-17 20:06:36,学历不限,技工/操作工,1年以下,辽宁速达出入境服务有限公司,15K-20K,莆田,五险一金全勤奖包吃包住房补
保姆0905,学校/下级学院,20-99人,2019-09-05 19:38:25,博士,社区/居民/家政服务,5-10年,ihr-ceshi0905-1,1K以下,铁门关,
新西兰/铲车司机/保姆/钢筋工/木工/瓦工/电焊工/电工/厨师/漆工,其它,100-499人,2019-09-17 20:17:09,学历不限,技工/操作工,1年以下,辽宁速达出入境服务有限公司,15K-20K,营口,五险一金全勤奖包吃包住房补
新西兰/铲车司机/保姆/钢筋工/木工/瓦工/电焊工/电工/厨师/漆工,其它,100-499人,2019-09-17 20:17:09,学历不限,技工/操作工,1年以下,辽宁速达出入境服务有限公司,15K-20K,三明,五险一金全勤奖包吃包住房补
澳洲/电焊工/油漆工/叉车工/搬运工/司机/厨师/保姆/木工/瓦工,其它,100-499人,2019-09-17 20:06:36,学历不限,技工/操作工,1年以下,辽宁速达出入境服务有限公司,15K-20K,唐山,五险一金全勤奖包吃包住房补
澳洲/电焊工/油漆工/叉车工/搬运工/司机/厨师/保姆/木工/瓦工,其它,100-499人,2019-09-17 20:06:36,学历不限,技工/操作工,1年以下,辽宁速达出入境服务有限公司,15K-20K,秦皇岛,五险一金全勤奖包吃包住房补
新西兰/铲车司机/保姆/钢筋工/木工/瓦工/电焊工/电工/厨师/漆工,其它,100-499人,2019-09-17 20:17:09,学历不限,技工/操作工,1年以下,辽宁速达出入境服务有限公司,15K-20K,驻马店,五险一金全勤奖包吃包住房补
澳洲/电焊工/油漆工/叉车工/搬运工/司机/厨师/保姆/木工/瓦工,其它,100-499人,2019-09-17 20:06:36,学历不限,技工/操作工,1年以下,辽宁速达出入境服务有限公司,15K-20K,南通,五险一金全勤奖包吃包住房补
新西兰/铲车司机/保姆/钢筋工/木工/瓦工/电焊工/电工/厨师/漆工,其它,100-499人,2019-09-17 20:17:09,学历不限,技工/操作工,1年以下,辽宁速达出入境服务有限公司,15K-20K,鄂尔多斯,五险一金全勤奖包吃包住房补
保姆,律师事务所,20-99人,2019-09-10 21:24:29,博士,社区/居民/家政服务,5-10年,测试公司910-1,1K以下,昌吉-木垒哈萨克自治县,
澳洲/电焊工/油漆工/叉车工/搬运工/司机/厨师/保姆/木工/瓦工,其它,100-499人,2019-09-17 20:06:36,学历不限,技工/操作工,1年以下,辽宁速达出入境服务有限公司,15K-20K,常州,五险一金全勤奖包吃包住房补
澳洲/电焊工/油漆工/叉车工/搬运工/司机/厨师/保姆/木工/瓦工,其它,100-499人,2019-09-17 20:06:36,学历不限,技工/操作工,1年以下,辽宁速达出入境服务有限公司,15K-20K,临沂,五险一金全勤奖包吃包住房补
新西兰/铲车司机/保姆/钢筋工/木工/瓦工/电焊工/电工/厨师/漆工,其它,100-499人,2019-09-17 20:17:09,学历不限,技工/操作工,1年以下,辽宁速达出入境服务有限公司,15K-20K,沈阳,五险一金全勤奖包吃包住房补
澳洲/电焊工/油漆工/叉车工/搬运工/司机/厨师/保姆/木工/瓦工,其它,100-499人,2019-09-17 20:06:36,学历不限,技工/操作工,1年以下,辽宁速达出入境服务有限公司,15K-20K,长治,五险一金全勤奖包吃包住房补
新西兰/铲车司机/保姆/钢筋工/木工/瓦工/电焊工/电工/厨师/漆工,其它,100-499人,2019-09-17 20:17:09,学历不限,技工/操作工,1年以下,辽宁速达出入境服务有限公司,15K-20K,许昌,五险一金全勤奖包吃包住房补
新西兰/铲车司机/保姆/钢筋工/木工/瓦工/电焊工/电工/厨师/漆工,其它,100-499人,2019-09-17 20:17:09,学历不限,技工/操作工,1年以下,辽宁速达出入境服务有限公司,15K-20K,永济市,五险一金全勤奖包吃包住房补
澳洲/电焊工/油漆工/叉车工/搬运工/司机/厨师/保姆/木工/瓦工,其它,100-499人,2019-09-17 20:06:36,学历不限,技工/操作工,1年以下,辽宁速达出入境服务有限公司,15K-20K,临汾,五险一金全勤奖包吃包住房补
新西兰/铲车司机/保姆/钢筋工/木工/瓦工/电焊工/电工/厨师/漆工,其它,100-499人,2019-09-17 20:17:09,学历不限,技工/操作工,1年以下,辽宁速达出入境服务有限公司,15K-20K,包头,五险一金全勤奖包吃包住房补
澳洲/电焊工/油漆工/叉车工/搬运工/司机/厨师/保姆/木工/瓦工,其它,100-499人,2019-09-17 20:06:36,学历不限,技工/操作工,1年以下,辽宁速达出入境服务有限公司,15K-20K,运城,五险一金全勤奖包吃包住房补
澳洲/电焊工/油漆工/叉车工/搬运工/司机/厨师/保姆/木工/瓦工,其它,100-499人,2019-09-17 20:06:36,学历不限,技工/操作工,1年以下,辽宁速达出入境服务有限公司,15K-20K,邢台,五险一金全勤奖包吃包住房补
新西兰/铲车司机/保姆/钢筋工/木工/瓦工/电焊工/电工/厨师/漆工,其它,100-499人,2019-09-17 20:17:09,学历不限,技工/操作工,1年以下,辽宁速达出入境服务有限公司,15K-20K,宁德,五险一金全勤奖包吃包住房补
新西兰/铲车司机/保姆/钢筋工/木工/瓦工/电焊工/电工/厨师/漆工,其它,100-499人,2019-09-17 20:17:09,学历不限,技工/操作工,1年以下,辽宁速达出入境服务有限公司,15K-20K,天水,五险一金全勤奖包吃包住房补
新西兰/铲车司机/保姆/钢筋工/木工/瓦工/电焊工/电工/厨师/漆工,其它,100-499人,2019-09-17 20:17:09,学历不限,技工/操作工,1年以下,辽宁速达出入境服务有限公司,15K-20K,绥化,五险一金全勤奖包吃包住房补
新西兰/铲车司机/保姆/钢筋工/木工/瓦工/电焊工/电工/厨师/漆工,其它,100-499人,2019-09-17 20:17:09,学历不限,技工/操作工,1年以下,辽宁速达出入境服务有限公司,15K-20K,焦作,五险一金全勤奖包吃包住房补
澳洲/电焊工/油漆工/叉车工/搬运工/司机/厨师/保姆/木工/瓦工,其它,100-499人,2019-09-17 20:06:36,学历不限,技工/操作工,1年以下,辽宁速达出入境服务有限公司,15K-20K,聊城,五险一金全勤奖包吃包住房补
保姆,医院,20人以下,2019-09-20 19:10:56,硕士,社区/居民/家政服务,10年以上,测试9501,1K以下,阿勒泰,
住家保姆,民营,20-99人,2019-09-11 16:29:00,学历不限,社区/居民/家政服务,1-3年,深圳市中洲石油化工有限公司,6K-8K,深圳-龙华新区,年底双薪全勤奖包吃不加班
外遣项目年薪50万雇主直聘安保/家政/保姆出国人员,民营,20-99人,2019-09-16 10:13:50,学历不限,社区/居民/家政服务,不限,天津正华达建筑劳务有限公司,30K-50K,西安,包吃包住加班补助年底双薪带薪年假
会做饭的保姆,民营,500-999人,2019-09-05 14:07:42,高中,社区/居民/家政服务,3-5年,北京天舟通信有限公司,4K-6K,北京,五险一金餐补通讯补助带薪年假弹性工作
一万八起急聘高端家政涉外保姆,股份制企业,20-99人,2019-09-06 14:08:29,大专,社区/居民/家政服务,不限,维佳（北京）家政服务有限公司,15K-20K,北京,包住节日福利年底双薪绩效奖金全勤奖
外遣项目年薪50万雇主直聘安保/家政/保姆出国人员,民营,20-99人,2019-09-16 10:13:00,学历不限,社区/居民/家政服务,不限,天津正华达建筑劳务有限公司,30K-50K,合肥,包吃包住加班补助年底双薪带薪年假
外遣项目年薪50万雇主直聘安保/家政/保姆出国人员,民营,20-99人,2019-09-16 10:11:34,学历不限,社区/居民/家政服务,不限,天津正华达建筑劳务有限公司,30K-50K,长沙,包吃包住加班补助年底双薪带薪年假
育儿月嫂/育儿保姆（朝九晚六-双休，工作轻松，环境优雅舒适）,外商独资,500-999人,2019-09-11 00:50:42,学历不限,社区/居民/家政服务,1-3年,广东省瑞一科技有限公司,4K-6K,深圳,定期体检不加班周末双休五险一金
厨房钟点工、保姆.月嫂有无经验均可,民营,100-499人,2019-09-14 17:12:53,学历不限,社区/居民/家政服务,不限,帝赫尼家居(深圳)有限公司,4.5K-6K,深圳,五险一金包吃包住全勤奖弹性工作
外遣项目年薪50万雇主直聘安保/家政/保姆出国人员,民营,20-99人,2019-09-16 10:12:34,学历不限,社区/居民/家政服务,不限,天津正华达建筑劳务有限公司,30K-50K,深圳,包吃包住加班补助年底双薪带薪年假
急招保姆待遇好,民营,20-99人,2019-09-10 14:52:33,学历不限,社区/居民/家政服务,不限,沈阳荣林科技发展有限公司,2K-4K,沈阳,年终分红五险周末双休免费班车免费停车
招聘兼职钟点工保姆/有无经验都可,民营,100-499人,2019-09-17 18:07:48,学历不限,社区/居民/家政服务,不限,深圳市家贝贝母婴护理培训有限公司,4.5K-5.5K,揭阳,五险一金绩效奖金餐补包住包吃
急聘外派外国家政保姆单,股份制企业,20-99人,2019-09-09 13:27:21,学历不限,社区/居民/家政服务,不限,维佳（北京）家政服务有限公司,100K-150K,北京,包住节日福利年底双薪绩效奖金全勤奖
外遣项目年薪50万雇主直聘司机/安保/家政/保姆出国人员,民营,20-99人,2019-09-16 10:12:31,学历不限,社区/居民/家政服务,不限,天津正华达建筑劳务有限公司,30K-50K,贵阳,包吃包住加班补助年底双薪带薪年假
别墅8千起急招住家保姆带小孩照顾老人,民营,不限,2019-09-15 11:18:47,学历不限,社区/居民/家政服务,不限,深圳市深爱天使家政服务有限责任公司,6K-8K,深圳,包吃包住加班补助餐补房补
直招有无经验保姆/护工/育婴月嫂月薪过万,民营,100-499人,2019-09-10 21:58:21,学历不限,社区/居民/家政服务,不限,深圳市英港多多家政服务有限公司,6K-12K,深圳,五险一金加班补助带薪年假包住包吃
带小孩照顾老人住家保姆8千包吃住月结,民营,不限,2019-09-15 11:17:09,学历不限,社区/居民/家政服务,不限,深圳市深爱天使家政服务有限责任公司,8K-10K,深圳,包吃包住加班补助餐补房补
转行就做高薪保姆带小孩照顾老人月薪过万不是梦,民营,不限,2019-09-15 11:18:38,学历不限,社区/居民/家政服务,不限,深圳市深爱天使家政服务有限责任公司,8K-10K,深圳,包吃包住加班补助餐补房补
家政保姆/高新/单休/管吃住,民营,100-499人,2019-09-20 13:52:36,学历不限,社区/居民/家政服务,1-3年,陕西永兴实业发展有限责任公司,2.8K-3.5K,西安,包吃包住节日福利
高薪保姆经济独立月入过万绽放魅力,民营,不限,2019-09-15 11:18:07,学历不限,社区/居民/家政服务,不限,深圳市深爱天使家政服务有限责任公司,8K-10K,深圳,包吃包住加班补助餐补房补
家庭保姆,股份制企业,20-99人,2019-09-15 14:25:49,高中,社区/居民/家政服务,1-3年,深圳家宁智能管家服务有限公司,4K-6K,深圳,五险一金年底双薪绩效奖金加班补助年终分红
招聘保姆会做面食,民营,100-499人,2019-09-17 16:07:13,学历不限,社区/居民/家政服务,1-3年,北京三保咨询服务有限责任公司,6K-8K,北京,包吃包住
急急急，南城招住家保姆接送小孩,其它,不限,2019-09-05 14:29:56,学历不限,社区/居民/家政服务,不限,东莞市康乃馨家庭服务有限公司,6K-8K,东莞,年底双薪绩效奖金包吃包住全勤奖
保姆家政,民营,100-499人,2019-09-15 09:18:32,学历不限,社区/居民/家政服务,3-5年,河北鑫拓房地产开发有限公司,4K-6K,石家庄,绩效奖金加班补助全勤奖包吃餐补
8千高薪急招有无经验保姆/护工/月嫂/育婴/老人护/催乳小儿推拿,民营,100-499人,2019-09-13 16:40:22,学历不限,社区/居民/家政服务,不限,深圳市英港多多家政服务有限公司,8K-15K,茂名-信宜市,年底双薪包住包吃带薪年假加班补助
外遣项目年薪50万雇主直聘司机/安保/家政/保姆出国人员,民营,20-99人,2019-09-16 10:14:09,学历不限,社区/居民/家政服务,不限,天津正华达建筑劳务有限公司,30K-50K,武汉,包吃包住加班补助年底双薪带薪年假
保姆,民营,100-499人,2019-09-19 15:02:26,大专,社区/居民/家政服务,1-3年,北京京九品科技有限公司,4K-6K,北京,
沙井招有无经验保姆,民营,20-99人,2019-09-12 23:10:10,学历不限,社区/居民/家政服务,不限,深圳市田馨家政服务有限公司,6K-8K,深圳,包吃包住不加班五险一金
招生熟手月嫂育婴师保姆,民营,100-499人,2019-09-06 16:59:37,学历不限,社区/居民/家政服务,不限,深圳市家贝贝母婴护理培训有限公司,6K-8K,深圳,包吃包住
外遣项目年薪50万雇主直聘安保/家政/保姆出国人员,民营,20-99人,2019-09-16 10:13:36,学历不限,社区/居民/家政服务,不限,天津正华达建筑劳务有限公司,30K-50K,石家庄,包吃包住加班补助年底双薪带薪年假
外企急招保姆/保洁员/月嫂,其它,100-499人,2019-09-11 16:48:47,学历不限,社区/居民/家政服务,不限,郑州沙鸥文化传媒有限公司,30K-50K,青岛-莱西市,带薪年假包吃包住
保姆家政,民营,100-499人,2019-09-18 15:40:54,学历不限,社区/居民/家政服务,不限,河南禾胜合食品有限公司,3.5K-6K,郑州-郑东新区 ,节日福利包吃包住弹性工作
保姆,民营,20-99人,2019-09-12 16:51:07,中专,社区/居民/家政服务,3-5年,辽宁中瑞医药开发有限公司,4K-6K,沈阳,
保姆,股份制企业,100-499人,2019-09-17 08:56:17,学历不限,社区/居民/家政服务,不限,鑫霖投资集团有限公司,2K-4K,郑州-管城区,包吃包住
直招有无经验保姆护工育婴月嫂月薪过万,民营,100-499人,2019-09-10 23:26:25,学历不限,社区/居民/家政服务,不限,深圳市英港多多家政服务有限公司,8K-15K,深圳,五险一金加班补助带薪年假包住包吃
保姆,民营,20人以下,2019-09-14 16:38:06,学历不限,社区/居民/家政服务,不限,湖南巨力液压有限公司,2K-4K,长沙,节日福利包吃
带小孩照顾老人保姆包吃住工资8千,民营,不限,2019-09-15 11:17:50,学历不限,社区/居民/家政服务,不限,深圳市深爱天使家政服务有限责任公司,8K-10K,深圳,包吃包住加班补助餐补房补
招聘保姆、保洁、钟点工,民营,100-499人,2019-09-13 11:19:03,学历不限,社区/居民/家政服务,不限,沈阳市菠萝家政服务有限公司,3.5K-5.5K,沈阳-铁西区,
急聘外派美国家政保姆单,股份制企业,20-99人,2019-09-05 14:42:28,学历不限,社区/居民/家政服务,不限,维佳（北京）家政服务有限公司,100K-150K,北京,包住节日福利加班补助包吃
月嫂育儿嫂保姆,民营,20-99人,2019-09-15 18:01:12,高中,社区/居民/家政服务,1-3年,成都英联管理顾问有限公司,10K-15K,成都-武侯区,年底双薪
保姆,合资,20-99人,2019-09-15 16:34:04,学历不限,社区/居民/家政服务,1-3年,北京光彩芯芯商贸有限公司,4K-6K,北京-门头沟区,
高薪急聘住家保姆带小孩照顾老人,民营,不限,2019-09-15 11:18:27,学历不限,社区/居民/家政服务,不限,深圳市深爱天使家政服务有限责任公司,8K-10K,深圳,包吃包住加班补助餐补房补
保姆阿姨,民营,20人以下,2019-09-02 14:05:28,中专,社区/居民/家政服务,3-5年,哈尔滨市超宏包装有限公司,3K-4K,哈尔滨,
高级保姆/月嫂 （湛江上班  不用住家）,民营,20-99人,2019-09-16 09:38:22,大专,社区/居民/家政服务,3-5年,深圳智网酷联科技有限公司,8K-10K,湛江,包吃
保姆,民营,20人以下,2019-09-06 16:46:35,学历不限,行政/后勤/文秘,3-5年,西安市莲湖区星宝上学康复中心,2K-4K,西安,包吃包住无试用期
学校保姆,民营,20人以下,2019-09-09 16:38:16,学历不限,社区/居民/家政服务,1-3年,天津市乐尚学教育信息咨询有限公司,2.5K-3K,天津-南开区,全勤奖弹性工作包吃高温补贴节日福利
无经验学习10天做家政保姆工资6千包吃住月结,民营,不限,2019-09-15 11:17:39,学历不限,社区/居民/家政服务,不限,深圳市深爱天使家政服务有限责任公司,8K-10K,深圳,包吃包住加班补助餐补房补
公司急招清洁工/保姆/推拿师/针灸师,股份制企业,100-499人,2019-09-11 15:29:53,高中,医院/医疗/护理,不限,杭州聚久人力资源服务有限公司,20K-30K,重庆,带薪年假加班补助交通补助包吃包住
保姆招聘，,民营,20-99人,2019-09-06 22:26:12,学历不限,社区/居民/家政服务,不限,北京鑫荣联创商贸有限公司,3K-4K,北京,包吃包住年终分红工作居住证全勤奖
保姆保洁,民营,20-99人,2019-09-16 15:10:21,学历不限,社区/居民/家政服务,不限,重庆旅悦芳国际旅行社有限公司,2K-4K,重庆,包吃试用期全额绩效奖金节日福利
保姆,民营,100-499人,2019-09-17 14:02:06,学历不限,社区/居民/家政服务,3-5年,山西宝力金属原料集团有限公司,3K-4K,太原,包住包吃
保姆,股份制企业,20-99人,2019-09-05 16:59:21,学历不限,社区/居民/家政服务,不限,广东国利招标代理有限公司,4K-6K,广州,带薪年假节日福利定期体检包吃包住
保姆,民营,100-499人,2019-09-18 11:35:49,高中,社区/居民/家政服务,1年以下,吉林省瑞隆经贸有限公司（瑞隆表业）,3K-4K,长春,
住家保姆,民营,100-499人,2019-09-10 15:16:27,学历不限,社区/居民/家政服务,不限,湖南天泽置业有限公司,3K-4K,长沙-雨花区,节日福利包住包吃
高级保姆,民营,20-99人,2019-09-16 08:47:50,本科,社区/居民/家政服务,1-3年,汉林院投资有限公司,10K-12K,北京,
招保姆家政员/无经验也可以,民营,20-99人,2019-09-10 10:02:11,学历不限,社区/居民/家政服务,无经验,深圳市家贝贝家政服务有限公司,4K-6K,深圳-宝安区,节日福利包吃住房补贴交通补助餐补
家庭保姆,民营,20-99人,2019-09-05 11:30:51,学历不限,社区/居民/家政服务,不限,陕西一齐实业有限公司,5K-6.5K,西安,五险一金交通补助不加班节日福利包住
前台兼司机兼住家保姆,民营,100-499人,2019-09-19 16:54:27,大专,行政/后勤/文秘,3-5年,湖南天邦投资集团有限公司,6K-7K,长沙-雨花区,带薪年假节日福利餐补绩效奖金周末双休
急招，月嫂，育婴师，产后康复，保姆，钟点工,民营,100-499人,2019-09-19 14:36:21,学历不限,社区/居民/家政服务,不限,深圳市家贝贝母婴护理培训有限公司,6K-8K,深圳,包住
高薪直招有无经验保姆，月嫂，育婴师护工,民营,100-499人,2019-09-09 21:22:24,学历不限,社区/居民/家政服务,不限,深圳市英港多多家政服务有限公司,6K-12K,深圳,五险一金加班补助带薪年假包住包吃
工厂转行就做育婴师保姆包吃住工资高,民营,不限,2019-09-15 11:17:27,学历不限,社区/居民/家政服务,不限,深圳市深爱天使家政服务有限责任公司,8K-10K,深圳,包吃包住加班补助餐补房补
招聘育儿阿姨/专职带娃/带娃保姆（双休，朝九晚六，龙岗中心城）,外商独资,500-999人,2019-09-05 06:37:50,学历不限,社区/居民/家政服务,不限,广东省瑞一科技有限公司,4K-5K,深圳,五险一金不加班周末双休
上市公司老总聘请住家保姆,民营,不限,2019-09-18 08:34:27,大专,社区/居民/家政服务,不限,深圳市深爱天使家政服务有限责任公司,10K-15K,深圳,包吃包住餐补加班补助弹性工作
家政保姆（龙岗上班）,民营,100-499人,2019-09-19 10:32:21,学历不限,行政/后勤/文秘,不限,东莞市飞鹏包装材料有限公司,4K-6K,深圳,五险一金绩效奖金带薪年假全勤奖包吃
招保姆家政员/无经验也可以,民营,20-99人,2019-09-15 14:22:31,学历不限,其他,无经验,深圳市家贝贝家政服务有限公司,4.5K-6K,深圳,
急招保姆5500立即上岗包食宿/有无经验都可,民营,20-99人,2019-09-10 10:02:13,学历不限,其他,无经验,深圳市家贝贝家政服务有限公司,5K-7.5K,深圳,
招聘保姆，保洁员，钟点工若干名，包吃住统一培训持证上岗免中介,民营,20-99人,2019-09-17 14:17:04,学历不限,社区/居民/家政服务,不限,北京华医养老服务有限公司,4K-6K,北京,五险一金绩效奖金包吃包住年终分红
包吃住招保姆，钟点工，家政服务人员,民营,20-99人,2019-09-17 14:17:18,高中,社区/居民/家政服务,不限,北京华医养老服务有限公司,4K-6K,北京,五险一金绩效奖金包吃包住年终分红
高薪招保姆照顾老人小孩,民营,100-499人,2019-09-18 14:21:55,学历不限,社区/居民/家政服务,不限,深圳市英港多多家政服务有限公司,6K-12K,深圳-宝安区,五险一金包吃包住年底双薪房补
外企急招保姆、保洁员,其它,100-499人,2019-09-11 16:39:53,学历不限,社区/居民/家政服务,不限,郑州沙鸥文化传媒有限公司,30K-50K,四平-铁西区,带薪年假包吃包住
外企急招保姆/保洁员/月嫂,其它,100-499人,2019-09-11 16:53:02,学历不限,社区/居民/家政服务,不限,郑州沙鸥文化传媒有限公司,30K-50K,嘉兴-秀洲区,带薪年假包吃包住
外企急招保姆/保洁员/月嫂,其它,100-499人,2019-09-11 16:48:47,学历不限,社区/居民/家政服务,不限,郑州沙鸥文化传媒有限公司,30K-50K,济南-高新区,带薪年假包吃包住
外企急招保姆、保洁员,其它,100-499人,2019-09-11 16:39:53,学历不限,社区/居民/家政服务,不限,郑州沙鸥文化传媒有限公司,30K-50K,辽源-龙山区,带薪年假包吃包住
外遣项目年薪50万雇主直聘安保/家政/保姆出国人员,民营,20-99人,2019-09-12 14:57:13,学历不限,教育/培训,不限,成都蜀友企业管理有限公司,30K-50K,合肥,包吃包住带薪年假工作居住证周末双休
高薪诚聘保姆,其它,100-499人,2019-09-18 15:59:06,学历不限,社区/居民/家政服务,不限,东莞市聚汇溢佰教育信息咨询有限公司,20K-30K,上海-浦东新区,五险一金年底双薪绩效奖金年终分红加班补助
外遣项目年薪50万雇主直聘安保/家政/保姆出国人员,合资,100-499人,2019-09-17 11:14:29,学历不限,社区/居民/家政服务,不限,成都泰晤士教育咨询有限公司,30K-50K,天津,全勤奖包吃包住带薪年假每年多次调薪
急招家政人员/保姆/钟点工数名,民营,100-499人,2019-09-12 10:28:11,学历不限,社区/居民/家政服务,不限,帝赫尼家居(深圳)有限公司,4.5K-9K,深圳,五险一金包吃包住全勤奖弹性工作
外遣项目年薪50万雇主直聘安保/家政/保姆出国人员,民营,100-499人,2019-09-12 15:55:52,学历不限,社区/居民/家政服务,不限,重庆汇博嘉福广告传媒有限公司,30K-50K,太原,全勤奖包吃包住交通补助加班补助
外遣项目年薪50万雇主直聘安保/家政/保姆出国人员,民营,20-99人,2019-09-19 15:56:56,学历不限,社区/居民/家政服务,不限,成都钰衡科技有限公司,30K-50K,郑州,包吃包住年底双薪全勤奖补充医疗保险
育儿保姆（朝九晚六-双休）,民营,100-499人,2019-09-17 17:14:01,学历不限,社区/居民/家政服务,不限,深圳市家贝贝母婴护理培训有限公司,6K-8K,清远,五险一金包吃定期体检包住
家政保姆/钟点工 （数名）,民营,100-499人,2019-09-15 15:54:32,学历不限,社区/居民/家政服务,不限,深圳市金蚂蚁装饰工程有限公司,5K-8K,深圳,绩效奖金五险一金定期体检补充医疗保险
外遣项目年薪50万雇主直聘安保/家政/保姆出国人员,民营,20-99人,2019-09-12 14:58:44,学历不限,教育/培训,不限,成都蜀友企业管理有限公司,30K-50K,石家庄,包吃包住带薪年假工作居住证周末双休
高薪诚聘保姆,其它,100-499人,2019-09-18 16:37:01,学历不限,社区/居民/家政服务,不限,东莞市聚汇溢佰教育信息咨询有限公司,20K-30K,北京-西城区,五险一金年底双薪绩效奖金年终分红加班补助
6000元/月急招保姆阿姨/育婴师 包吃住,民营,100-499人,2019-09-17 18:08:35,学历不限,社区/居民/家政服务,不限,深圳市家贝贝母婴护理培训有限公司,6K-8K,汕头,五险一金包吃定期体检加班补助
外企急招保姆/保洁员/月嫂,其它,100-499人,2019-09-11 16:48:47,学历不限,社区/居民/家政服务,不限,郑州沙鸥文化传媒有限公司,30K-50K,临沂,带薪年假包吃包住
外遣项目年薪50万雇主直聘安保/家政/保姆出国人员,民营,20-99人,2019-09-12 15:02:00,学历不限,教育/培训,不限,成都蜀友企业管理有限公司,30K-50K,哈尔滨,包吃包住带薪年假工作居住证周末双休
家庭保姆,民营,20-99人,2019-09-19 11:50:43,学历不限,社区/居民/家政服务,1-3年,重庆霍顿菲德商贸有限公司,3K-4K,重庆-渝北区,带薪年假员工旅游节日福利绩效奖金包吃
外遣项目年薪50万雇主直聘安保/家政/保姆出国人员,民营,100-499人,2019-09-12 16:21:54,学历不限,社区/居民/家政服务,不限,重庆汇博嘉福广告传媒有限公司,30K-50K,贵阳,全勤奖包吃包住交通补助加班补助
工厂转型做保姆月薪过万,民营,不限,2019-09-16 20:49:30,学历不限,社区/居民/家政服务,不限,深圳市深爱天使家政服务有限责任公司,8K-10K,深圳,包吃包住餐补加班补助弹性工作
家庭保姆,其它,100-499人,2019-09-09 17:33:28,学历不限,社区/居民/家政服务,不限,烟台爱多加网络科技有限公司,2K-4K,烟台-福山区,包吃无试用期试用期全额
外企急招保姆/保洁员/月嫂,其它,100-499人,2019-09-11 16:48:47,学历不限,社区/居民/家政服务,不限,郑州沙鸥文化传媒有限公司,30K-50K,枣庄,带薪年假包吃包住
外遣项目年薪50万雇主直聘安保/家政/保姆出国人员,民营,100-499人,2019-09-12 15:52:28,学历不限,社区/居民/家政服务,不限,重庆汇博嘉福广告传媒有限公司,30K-50K,石家庄,全勤奖包吃包住交通补助加班补助
保姆,民营,20-99人,2019-09-18 16:51:25,学历不限,社区/居民/家政服务,不限,深圳新金领教育咨询有限公司,8K-10K,南宁,包吃包住加班补助员工旅游节日福利
外企急招保姆/保洁员/月嫂,其它,100-499人,2019-09-11 16:48:47,学历不限,社区/居民/家政服务,不限,郑州沙鸥文化传媒有限公司,30K-50K,济南-章丘市,带薪年假包吃包住
外遣项目年薪50万雇主直聘安保/家政/保姆出国人员,合资,100-499人,2019-09-17 11:16:31,学历不限,社区/居民/家政服务,不限,成都泰晤士教育咨询有限公司,30K-50K,武汉,全勤奖包吃包住带薪年假每年多次调薪
保姆,民营,100-499人,2019-09-19 16:20:45,学历不限,社区/居民/家政服务,不限,深圳市英港多多家政服务有限公司,8K-12K,深圳,包吃包住
外企急招保姆/保洁员/月嫂,其它,100-499人,2019-09-11 16:48:47,学历不限,社区/居民/家政服务,不限,郑州沙鸥文化传媒有限公司,30K-50K,潍坊,带薪年假包吃包住
家政保姆,民营,20-99人,2019-09-05 08:22:34,高中,社区/居民/家政服务,5-10年,四川意典广告传媒有限公司,2K-4K,绵阳,绩效奖金员工旅游带薪年假全勤奖五险一金
公司急招清洁工/保姆/推拿师/针灸师,股份制企业,100-499人,2019-09-11 15:29:53,高中,医院/医疗/护理,不限,杭州聚久人力资源服务有限公司,20K-30K,新乡-辉县市,带薪年假加班补助交通补助包吃包住
聘育婴师保姆,其它,不限,2019-09-14 13:29:39,学历不限,社区/居民/家政服务,不限,东莞市康乃馨家庭服务有限公司,8K-12K,东莞,包住包吃
6千以上大量招保姆护工,其它,不限,2019-09-05 18:03:31,学历不限,社区/居民/家政服务,不限,东莞市康乃馨家庭服务有限公司,6K-8K,东莞,餐补包住包吃全勤奖年底双薪
外遣项目年薪50万雇主直聘安保/家政/保姆出国人员,民营,100-499人,2019-09-12 15:15:20,学历不限,社区/居民/家政服务,不限,重庆汇博嘉福广告传媒有限公司,30K-50K,武汉,全勤奖包吃包住交通补助加班补助
外遣项目年薪50万雇主直聘安保/家政/保姆出国人员,民营,20-99人,2019-09-19 16:29:18,学历不限,社区/居民/家政服务,不限,成都钰衡科技有限公司,30K-50K,上海,包吃包住年底双薪全勤奖补充医疗保险
外企急招保姆/保洁员/月嫂,其它,100-499人,2019-09-11 16:48:47,学历不限,社区/居民/家政服务,不限,郑州沙鸥文化传媒有限公司,30K-50K,济南-天桥区,带薪年假包吃包住
外企急招保姆/保洁员/月嫂,其它,100-499人,2019-09-11 16:53:02,学历不限,社区/居民/家政服务,不限,郑州沙鸥文化传媒有限公司,30K-50K,嘉兴-南湖区,带薪年假包吃包住
保姆,民营,20-99人,2019-09-18 16:31:15,学历不限,社区/居民/家政服务,不限,深圳新金领教育咨询有限公司,8K-10K,梧州,包吃包住加班补助员工旅游节日福利
沙井招无经验月嫂保姆,民营,20-99人,2019-09-12 23:10:14,学历不限,社区/居民/家政服务,无经验,深圳市田馨家政服务有限公司,6K-8K,深圳,包吃包住不加班
外企急招保姆/保洁员/月嫂,其它,100-499人,2019-09-11 16:48:47,学历不限,社区/居民/家政服务,不限,郑州沙鸥文化传媒有限公司,30K-50K,济宁,带薪年假包吃包住
6k起招保姆月嫂无经验可培训,民营,100-499人,2019-09-14 18:11:40,学历不限,社区/居民/家政服务,不限,帝赫尼家居(深圳)有限公司,5K-10K,深圳,五险一金包吃包住全勤奖弹性工作
外遣项目年薪50万雇主直聘安保/家政/保姆出国人员,民营,100-499人,2019-09-12 15:43:46,学历不限,社区/居民/家政服务,不限,重庆汇博嘉福广告传媒有限公司,30K-50K,杭州,全勤奖包吃包住交通补助加班补助
保姆,民营,20-99人,2019-09-18 16:49:28,学历不限,社区/居民/家政服务,不限,深圳新金领教育咨询有限公司,8K-10K,防城港,包吃包住加班补助员工旅游节日福利
外遣项目年薪50万雇主直聘安保/家政/保姆出国人员,民营,20-99人,2019-09-12 14:50:22,学历不限,教育/培训,不限,成都蜀友企业管理有限公司,30K-50K,沈阳,包吃包住带薪年假工作居住证周末双休
招保姆钟点工,民营,100-499人,2019-09-16 16:47:01,学历不限,社区/居民/家政服务,不限,深圳市家贝贝母婴护理培训有限公司,6K-8K,深圳,包吃包住
保姆,民营,100-499人,2019-09-19 09:55:51,学历不限,社区/居民/家政服务,1-3年,漳州市唯尊贸易有限公司,2.5K-3K,漳州-芗城区,周末单休
保姆,合资,20-99人,2019-09-17 11:11:18,学历不限,社区/居民/家政服务,1-3年,合肥中力工程机械有限公司,2K-4K,合肥,无试用期高温补贴节日福利不加班包吃
保姆,民营,20-99人,2019-09-12 07:10:46,学历不限,烹饪/料理/食品研发,1-3年,山西安亿源环保科技有限公司,3K-4K,太原,弹性工作定期体检无试用期
外企急招保姆/保洁员/月嫂,其它,100-499人,2019-09-11 16:48:47,学历不限,社区/居民/家政服务,不限,郑州沙鸥文化传媒有限公司,30K-50K,淄博,带薪年假包吃包住
外遣项目年薪50万雇主直聘安保/家政/保姆出国人员,民营,100-499人,2019-09-12 15:36:36,学历不限,社区/居民/家政服务,不限,重庆汇博嘉福广告传媒有限公司,30K-50K,长春,全勤奖包吃包住交通补助加班补助
外遣项目年薪50万雇主直聘安保/家政/保姆出国人员,民营,20-99人,2019-09-19 16:07:51,学历不限,社区/居民/家政服务,不限,成都钰衡科技有限公司,30K-50K,合肥,包吃包住年底双薪全勤奖补充医疗保险
外遣项目年薪50万雇主直聘安保/家政/保姆出国人员,合资,100-499人,2019-09-17 11:04:30,学历不限,社区/居民/家政服务,不限,成都泰晤士教育咨询有限公司,30K-50K,北京,全勤奖包吃包住带薪年假每年多次调薪
外遣项目年薪50万雇主直聘安保/家政/保姆出国人员,民营,20-99人,2019-09-19 16:20:49,学历不限,社区/居民/家政服务,不限,成都钰衡科技有限公司,30K-50K,大连,包吃包住年底双薪全勤奖补充医疗保险
月嫂保姆,民营,不限,2019-09-14 15:04:09,学历不限,社区/居民/家政服务,不限,深圳市深爱天使家政服务有限责任公司,8K-16K,深圳,包吃包住年底双薪带薪年假
外遣项目年薪50万雇主直聘安保/家政/保姆出国人员,民营,20-99人,2019-09-19 16:23:55,学历不限,社区/居民/家政服务,不限,成都钰衡科技有限公司,30K-50K,西安,包吃包住年底双薪全勤奖补充医疗保险
6000急招保姆钟点工一批,民营,100-499人,2019-09-16 16:43:43,学历不限,社区/居民/家政服务,不限,深圳市家贝贝母婴护理培训有限公司,6K-8K,深圳,包吃包住
外企急招保姆、保洁员,其它,100-499人,2019-09-11 16:39:53,学历不限,社区/居民/家政服务,不限,郑州沙鸥文化传媒有限公司,30K-50K,公主岭,带薪年假包吃包住
高级住家家政保姆,民营,20-99人,2019-09-17 10:40:16,中专,社区/居民/家政服务,1-3年,杭州童新琐影视文化有限公司,8K-15K,杭州,五险一金绩效奖金节日福利包吃包住
保姆,民营,100-499人,2019-09-16 13:56:17,学历不限,社区/居民/家政服务,不限,烟台市绿美装饰工程有限公司,4K-6K,烟台-蓬莱市,绩效奖金交通补助包吃包住全勤奖
外遣项目年薪50万雇主直聘安保/家政/保姆出国人员,合资,100-499人,2019-09-17 11:25:05,学历不限,社区/居民/家政服务,不限,成都泰晤士教育咨询有限公司,30K-50K,长春,全勤奖包吃包住带薪年假每年多次调薪
高薪诚聘保姆,其它,100-499人,2019-09-18 16:44:57,学历不限,社区/居民/家政服务,不限,东莞市聚汇溢佰教育信息咨询有限公司,20K-30K,哈尔滨-道里区,五险一金年底双薪绩效奖金年终分红加班补助
外遣项目年薪50万雇主直聘安保/家政/保姆出国人员,民营,100-499人,2019-09-12 15:32:20,学历不限,社区/居民/家政服务,不限,重庆汇博嘉福广告传媒有限公司,30K-50K,沈阳,全勤奖包吃包住交通补助加班补助
高薪诚聘保姆（会开车）,民营,100-499人,2019-09-17 13:52:09,学历不限,志愿者/社会工作者,不限,必圈信息技术(湖北)有限公司,5K-6K,武汉,
外遣项目年薪50万雇主直聘安保/家政/保姆出国人员,合资,100-499人,2019-09-17 12:41:21,学历不限,社区/居民/家政服务,不限,成都泰晤士教育咨询有限公司,30K-50K,合肥,全勤奖包吃包住带薪年假每年多次调薪
保姆,民营,20-99人,2019-09-18 16:39:28,学历不限,社区/居民/家政服务,1-3年,洛阳雅攀人力资源有限公司,3K-5K,洛阳-洛龙区,包住包吃弹性工作
海边别墅急招一名保姆,民营,100-499人,2019-09-17 14:13:24,学历不限,社区/居民/家政服务,不限,深圳市家贝贝母婴护理培训有限公司,6K-8K,惠州,包吃包住餐补房补弹性工作
保姆,民营,20-99人,2019-09-18 16:36:10,学历不限,社区/居民/家政服务,不限,深圳新金领教育咨询有限公司,8K-10K,桂林,包吃包住加班补助员工旅游节日福利
外遣项目年薪50万雇主直聘安保/家政/保姆出国人员,民营,20-99人,2019-09-19 12:49:59,学历不限,社区/居民/家政服务,不限,天津正华达建筑劳务有限公司,30K-50K,长春,包吃包住加班补助年底双薪带薪年假
6000/月招聘保姆包吃住马上上岗,民营,100-499人,2019-09-16 16:47:20,学历不限,社区/居民/家政服务,不限,深圳市家贝贝母婴护理培训有限公司,6K-8K,深圳,包吃包住
外遣项目年薪50万雇主直聘安保/家政/保姆出国人员,民营,100-499人,2019-09-12 16:04:40,学历不限,社区/居民/家政服务,不限,重庆汇博嘉福广告传媒有限公司,30K-50K,洛阳,全勤奖包吃包住交通补助加班补助
住家保姆,民营,500-999人,2019-09-11 14:04:39,学历不限,社区/居民/家政服务,不限,山西太原药业有限公司,2K-4K,太原,包住包吃
木门金保姆,其它,20人以下,2019-09-19 11:52:23,学历不限,社区/居民/家政服务,不限,宝鸡市金台区一粒麦子木门经营部,2K-4K,宝鸡,员工旅游节日福利创业公司定期团建项目奖金
直招生熟手保姆轻松月嫂月薪过万,民营,100-499人,2019-09-10 22:20:04,学历不限,社区/居民/家政服务,不限,深圳市英港多多家政服务有限公司,8K-15K,茂名,五险一金加班补助带薪年假包住包吃
高薪诚聘保姆,其它,100-499人,2019-09-18 14:57:34,学历不限,社区/居民/家政服务,不限,东莞市聚汇溢佰教育信息咨询有限公司,20K-30K,北京-丰台区,五险一金年底双薪绩效奖金年终分红加班补助
外遣项目年薪50万雇主直聘安保/家政/保姆出国人员,合资,100-499人,2019-09-17 11:18:41,学历不限,社区/居民/家政服务,不限,成都泰晤士教育咨询有限公司,30K-50K,石家庄,全勤奖包吃包住带薪年假每年多次调薪
保姆,民营,20-99人,2019-09-04 15:32:55,高中,社区/居民/家政服务,1年以下,江苏亿通眼镜有限公司,2K-4K,镇江-丹阳市,
外遣项目年薪50万雇主直聘安保/家政/保姆出国人员,民营,100-499人,2019-09-12 15:40:08,学历不限,社区/居民/家政服务,不限,重庆汇博嘉福广告传媒有限公司,30K-50K,济南,全勤奖包吃包住交通补助加班补助
外遣项目年薪50万雇主直聘安保/家政/保姆出国人员,民营,20-99人,2019-09-12 15:00:11,学历不限,教育/培训,不限,成都蜀友企业管理有限公司,30K-50K,太原,包吃包住带薪年假工作居住证周末双休
保姆（上海）,民营,1000-9999人,2019-09-16 14:07:28,高中,社区/居民/家政服务,5-10年,沂州集团有限公司,5.5K-7.5K,上海,包住定期体检免费班车节日福利大牛带队
外遣项目年薪50万雇主直聘安保/家政/保姆出国人员,民营,100-499人,2019-09-12 15:01:40,学历不限,社区/居民/家政服务,不限,重庆汇博嘉福广告传媒有限公司,20K-30K,上海,全勤奖包吃包住交通补助加班补助
保姆护工,其它,100-499人,2019-09-09 17:40:20,学历不限,社区/居民/家政服务,不限,烟台爱多加网络科技有限公司,2K-4K,烟台,包吃无试用期试用期全额
保姆,合资,20-99人,2019-09-17 11:11:18,学历不限,社区/居民/家政服务,1-3年,合肥中力工程机械有限公司,2K-4K,合肥,无试用期高温补贴节日福利不加班包吃
保姆,民营,100-499人,2019-09-19 09:55:51,学历不限,社区/居民/家政服务,1-3年,漳州市唯尊贸易有限公司,2.5K-3K,漳州-芗城区,周末单休
保姆护工,其它,100-499人,2019-09-09 17:40:20,学历不限,社区/居民/家政服务,不限,烟台爱多加网络科技有限公司,2K-4K,烟台,包吃无试用期试用期全额
保姆,民营,20-99人,2019-09-12 07:10:46,学历不限,烹饪/料理/食品研发,1-3年,山西安亿源环保科技有限公司,3K-4K,太原,弹性工作定期体检无试用期
保姆,民营,20-99人,2019-09-18 16:39:28,学历不限,社区/居民/家政服务,1-3年,洛阳雅攀人力资源有限公司,3K-5K,洛阳-洛龙区,包住包吃弹性工作
外企急招保姆、保洁员,其它,100-499人,2019-09-11 16:39:53,学历不限,社区/居民/家政服务,不限,郑州沙鸥文化传媒有限公司,30K-50K,公主岭,带薪年假包吃包住
6000/月招聘保姆包吃住马上上岗,民营,100-499人,2019-09-16 16:47:20,学历不限,社区/居民/家政服务,不限,深圳市家贝贝母婴护理培训有限公司,6K-8K,深圳,包吃包住
外遣项目年薪50万雇主直聘安保/家政/保姆出国人员,民营,20-99人,2019-09-12 14:50:22,学历不限,教育/培训,不限,成都蜀友企业管理有限公司,30K-50K,沈阳,包吃包住带薪年假工作居住证周末双休
外遣项目年薪50万雇主直聘安保/家政/保姆出国人员,民营,100-499人,2019-09-12 15:01:40,学历不限,社区/居民/家政服务,不限,重庆汇博嘉福广告传媒有限公司,20K-30K,上海,全勤奖包吃包住交通补助加班补助
外遣项目年薪50万雇主直聘安保/家政/保姆出国人员,民营,100-499人,2019-09-12 15:43:46,学历不限,社区/居民/家政服务,不限,重庆汇博嘉福广告传媒有限公司,30K-50K,杭州,全勤奖包吃包住交通补助加班补助
外企急招保姆/保洁员/月嫂,其它,100-499人,2019-09-11 16:48:47,学历不限,社区/居民/家政服务,不限,郑州沙鸥文化传媒有限公司,30K-50K,济宁,带薪年假包吃包住
高薪诚聘保姆（会开车）,民营,100-499人,2019-09-17 13:52:09,学历不限,志愿者/社会工作者,不限,必圈信息技术(湖北)有限公司,5K-6K,武汉,
外企急招保姆/保洁员/月嫂,其它,100-499人,2019-09-11 16:48:47,学历不限,社区/居民/家政服务,不限,郑州沙鸥文化传媒有限公司,30K-50K,淄博,带薪年假包吃包住
公司急招清洁工/保姆/推拿师/针灸师,股份制企业,100-499人,2019-09-11 15:29:53,高中,医院/医疗/护理,不限,杭州聚久人力资源服务有限公司,20K-30K,新乡-辉县市,带薪年假加班补助交通补助包吃包住
聘育婴师保姆,其它,不限,2019-09-14 13:29:39,学历不限,社区/居民/家政服务,不限,东莞市康乃馨家庭服务有限公司,8K-12K,东莞,包住包吃
外企急招保姆/保洁员/月嫂,其它,100-499人,2019-09-11 16:53:02,学历不限,社区/居民/家政服务,不限,郑州沙鸥文化传媒有限公司,30K-50K,嘉兴-南湖区,带薪年假包吃包住
外企急招保姆/保洁员/月嫂,其它,100-499人,2019-09-11 16:48:47,学历不限,社区/居民/家政服务,不限,郑州沙鸥文化传媒有限公司,30K-50K,济南-天桥区,带薪年假包吃包住
6千以上大量招保姆护工,其它,不限,2019-09-05 18:03:31,学历不限,社区/居民/家政服务,不限,东莞市康乃馨家庭服务有限公司,6K-8K,东莞,餐补包住包吃全勤奖年底双薪
保姆家政,民营,20-99人,2019-09-10 10:17:22,学历不限,社区/居民/家政服务,5-10年,深圳市福正清和实业有限公司,6K-8K,深圳-宝安区,包吃加班补助包住五险一金通讯补助
6000/月招聘保姆包吃住马上上岗,民营,100-499人,2019-09-17 10:22:10,学历不限,社区/居民/家政服务,不限,深圳市家贝贝母婴护理培训有限公司,6K-8K,深圳,包吃包住
外企急招保姆、保洁员,其它,100-499人,2019-09-11 16:39:53,学历不限,社区/居民/家政服务,不限,郑州沙鸥文化传媒有限公司,30K-50K,吉林市-昌邑区,带薪年假包吃包住
外企急招保姆/保洁员/月嫂,其它,100-499人,2019-09-11 16:48:47,学历不限,社区/居民/家政服务,不限,郑州沙鸥文化传媒有限公司,30K-50K,济南-长清区,带薪年假包吃包住
外遣项目年薪50万雇主直聘安保/家政/保姆出国人员,民营,100-499人,2019-09-12 15:36:36,学历不限,社区/居民/家政服务,不限,重庆汇博嘉福广告传媒有限公司,30K-50K,长春,全勤奖包吃包住交通补助加班补助
外遣项目年薪50万雇主直聘安保/家政/保姆出国人员,民营,100-499人,2019-09-12 15:32:20,学历不限,社区/居民/家政服务,不限,重庆汇博嘉福广告传媒有限公司,30K-50K,沈阳,全勤奖包吃包住交通补助加班补助
外遣项目年薪50万雇主直聘安保/家政/保姆出国人员,合资,100-499人,2019-09-17 12:41:21,学历不限,社区/居民/家政服务,不限,成都泰晤士教育咨询有限公司,30K-50K,合肥,全勤奖包吃包住带薪年假每年多次调薪
外遣项目年薪50万雇主直聘安保/家政/保姆出国人员,合资,100-499人,2019-09-17 11:04:30,学历不限,社区/居民/家政服务,不限,成都泰晤士教育咨询有限公司,30K-50K,北京,全勤奖包吃包住带薪年假每年多次调薪
外遣项目年薪50万雇主直聘安保/家政/保姆出国人员,民营,20-99人,2019-09-19 16:29:18,学历不限,社区/居民/家政服务,不限,成都钰衡科技有限公司,30K-50K,上海,包吃包住年底双薪全勤奖补充医疗保险
高薪诚聘保姆,其它,100-499人,2019-09-18 16:44:57,学历不限,社区/居民/家政服务,不限,东莞市聚汇溢佰教育信息咨询有限公司,20K-30K,哈尔滨-道里区,五险一金年底双薪绩效奖金年终分红加班补助
外遣项目年薪50万雇主直聘安保/家政/保姆出国人员,民营,100-499人,2019-09-12 15:15:20,学历不限,社区/居民/家政服务,不限,重庆汇博嘉福广告传媒有限公司,30K-50K,武汉,全勤奖包吃包住交通补助加班补助
保姆（半天）,民营,不限,2019-09-03 16:40:26,学历不限,行政/后勤/文秘,不限,合肥千帆医药科技咨询有限公司,1.6K-2K,合肥-蜀山区,周末双休
保姆,民营,20-99人,2019-09-18 16:53:24,学历不限,社区/居民/家政服务,不限,深圳新金领教育咨询有限公司,8K-10K,北海,包吃包住加班补助员工旅游节日福利
家政保姆,其它,20-99人,2019-09-09 13:54:01,学历不限,社区/居民/家政服务,不限,大连海立科技有限公司,2K-4K,大连-高新园区,五险一金
外企急招保姆/保洁员/月嫂,其它,100-499人,2019-09-11 16:48:47,学历不限,社区/居民/家政服务,不限,郑州沙鸥文化传媒有限公司,30K-50K,烟台,带薪年假包吃包住
驻外（家政/保姆）,民营,1000-9999人,2019-09-16 14:45:41,大专,社区/居民/家政服务,3-5年,山西鑫聚源投资控股有限公司,6K-8K,英国,绩效奖金包吃包住餐补通讯补助
外遣项目年薪50万雇主直聘安保/家政/保姆出国人员,民营,20-99人,2019-09-12 14:54:00,学历不限,教育/培训,不限,成都蜀友企业管理有限公司,30K-50K,济南,包吃包住带薪年假工作居住证周末双休
外遣项目年薪50万雇主直聘安保/家政/保姆出国人员,民营,20-99人,2019-09-19 16:10:57,学历不限,社区/居民/家政服务,不限,成都钰衡科技有限公司,30K-50K,杭州,包吃包住年底双薪全勤奖补充医疗保险
月嫂保姆,民营,不限,2019-09-13 19:07:47,学历不限,社区/居民/家政服务,不限,深圳市深爱天使家政服务有限责任公司,8K-16K,深圳,包吃包住节日福利加班补助
月嫂保姆,民营,不限,2019-09-14 15:04:09,学历不限,社区/居民/家政服务,不限,深圳市深爱天使家政服务有限责任公司,8K-16K,深圳,包吃包住年底双薪带薪年假
6000急招保姆钟点工一批,民营,100-499人,2019-09-16 16:43:43,学历不限,社区/居民/家政服务,不限,深圳市家贝贝母婴护理培训有限公司,6K-8K,深圳,包吃包住
外遣项目年薪50万雇主直聘安保/家政/保姆出国人员,民营,20-99人,2019-09-19 16:20:49,学历不限,社区/居民/家政服务,不限,成都钰衡科技有限公司,30K-50K,大连,包吃包住年底双薪全勤奖补充医疗保险
保姆,民营,20-99人,2019-09-18 16:41:30,学历不限,社区/居民/家政服务,不限,深圳新金领教育咨询有限公司,8K-10K,玉林,包吃包住加班补助员工旅游节日福利
保姆,不限,20-99人,2019-09-13 16:39:35,学历不限,社区/居民/家政服务,不限,贵州弘元旭钊工程有限公司,2.9K-3K,贵阳,包吃包住
招育婴师月嫂保姆,民营,100-499人,2019-09-06 15:11:19,高中,社区/居民/家政服务,1年以下,深圳市家贝贝母婴护理培训有限公司,8K-10K,深圳,包吃包住
外遣项目年薪50万雇主直聘安保/家政/保姆出国人员,民营,20-99人,2019-09-12 15:07:02,学历不限,教育/培训,不限,成都蜀友企业管理有限公司,30K-50K,贵阳,包吃包住带薪年假工作居住证周末双休
外遣项目年薪50万雇主直聘安保/家政/保姆出国人员,民营,20-99人,2019-09-12 15:03:43,学历不限,教育/培训,不限,成都蜀友企业管理有限公司,30K-50K,郑州,包吃包住带薪年假工作居住证周末双休
家庭保姆,民营,20-99人,2019-09-10 16:31:23,学历不限,社区/居民/家政服务,1-3年,河南鑫老包食品有限公司,2K-4K,开封,五险一金
保姆,民营,20人以下,2019-09-10 16:52:15,学历不限,社区/居民/家政服务,1-3年,贵州遵义神华食品销售有限公司,3K-4K,遵义,
外遣项目年薪50万雇主直聘安保/家政/保姆出国人员,合资,100-499人,2019-09-17 13:24:08,学历不限,社区/居民/家政服务,不限,成都泰晤士教育咨询有限公司,30K-50K,哈尔滨,全勤奖包吃包住带薪年假每年多次调薪
7000请保姆做饭做卫生,其它,不限,2019-09-05 14:30:07,学历不限,社区/居民/家政服务,不限,东莞市康乃馨家庭服务有限公司,6K-8K,东莞,年底双薪绩效奖金包吃包住全勤奖
保姆护工,其它,100-499人,2019-09-09 17:40:20,学历不限,社区/居民/家政服务,不限,烟台爱多加网络科技有限公司,2K-4K,烟台-福山区,包吃无试用期试用期全额
包吃住家政服务保姆（数名）,民营,100-499人,2019-09-18 17:17:09,学历不限,社区/居民/家政服务,不限,深圳市金蚂蚁装饰工程有限公司,5.5K-11K,深圳,绩效奖金五险一金定期体检补充医疗保险包住
专职带娃阿姨/带娃保姆/保育员（双休，朝九晚六，龙岗恒裕嘉城）,外商独资,500-999人,2019-09-05 06:37:25,学历不限,社区/居民/家政服务,不限,广东省瑞一科技有限公司,4K-5K,深圳,五险一金不加班周末双休
高薪诚聘保姆,其它,100-499人,2019-09-18 16:41:07,学历不限,社区/居民/家政服务,不限,东莞市聚汇溢佰教育信息咨询有限公司,20K-30K,沈阳-和平区,五险一金年底双薪绩效奖金年终分红加班补助
8千急请住家保姆,其它,不限,2019-09-14 19:17:27,学历不限,社区/居民/家政服务,不限,东莞市康乃馨家庭服务有限公司,8K-10K,东莞,餐补包住包吃全勤奖年底双薪
外遣项目年薪50万雇主直聘安保/家政/保姆出国人员,民营,20-99人,2019-09-19 16:23:55,学历不限,社区/居民/家政服务,不限,成都钰衡科技有限公司,30K-50K,西安,包吃包住年底双薪全勤奖补充医疗保险
保姆,民营,不限,2019-09-11 04:51:55,学历不限,社区/居民/家政服务,不限,郑州李旗鼎诚果品商贸有限公司,3K-5K,郑州,加班补助绩效奖金全勤奖包吃包住
外企急招保姆/保洁员/月嫂,其它,100-499人,2019-09-11 16:48:47,学历不限,社区/居民/家政服务,不限,郑州沙鸥文化传媒有限公司,30K-50K,德州,带薪年假包吃包住
外企急招保姆、保洁员,其它,100-499人,2019-09-11 16:39:53,学历不限,社区/居民/家政服务,不限,郑州沙鸥文化传媒有限公司,30K-50K,通化-东昌区,带薪年假包吃包住
家庭保姆,合资,100-499人,2019-09-16 11:21:36,中专,社区/居民/家政服务,3-5年,辽宁中新自动控制集团股份有限公司,4K-6K,鞍山,
住家保姆,民营,20-99人,2019-09-03 13:41:59,大专,社区/居民/家政服务,3-5年,中赋投资管理(上海)有限公司,6K-8K,上海,
专职带娃/带娃保姆/保育员/保育员阿姨（双休，朝九晚六，龙岗恒,外商独资,500-999人,2019-09-05 06:37:19,学历不限,社区/居民/家政服务,不限,广东省瑞一科技有限公司,4K-5K,深圳,五险一金不加班周末双休
急招保姆有无经验都可6000以上工资,民营,100-499人,2019-09-07 10:35:03,学历不限,社区/居民/家政服务,不限,深圳市家贝贝母婴护理培训有限公司,6K-8K,深圳,包住包吃
招聘有无经验保姆,民营,100-499人,2019-09-17 17:10:01,学历不限,社区/居民/家政服务,不限,深圳市家贝贝母婴护理培训有限公司,6K-8K,深圳-光明新区,五险一金包吃定期体检加班补助
总经理生活助理保姆,民营,不限,2019-09-06 14:02:46,中专,社区/居民/家政服务,1-3年,辽宁对焦科技有限公司,4K-6K,沈阳,
保姆,民营,500-999人,2019-09-05 11:40:04,学历不限,社区/居民/家政服务,3-5年,北京天舟通信有限公司,4K-6K,北京,五险一金餐补通讯补助带薪年假弹性工作
澳門某家庭聘保姆,合资,20人以下,2019-09-06 17:33:10,高中,社区/居民/家政服务,1-3年,珠海市澳正劳务咨询有限公司,6K-8K,珠海,包住包吃
保姆,民营,20-99人,2019-09-18 15:26:55,学历不限,社区/居民/家政服务,不限,惠州市瑞尔泰电子有限公司,2K-4K,惠州,包住包吃
招保姆，要爱心阿姨...,民营,20人以下,2019-09-18 10:25:53,学历不限,社区/居民/家政服务,3-5年,简阳市亿才通商务信息咨询有限公司,8K-10K,宜宾-江安县,全勤奖14薪包吃包住
外遣项目年薪50万雇主直聘安保/家政/保姆出国人员,民营,20-99人,2019-09-19 16:02:04,学历不限,社区/居民/家政服务,不限,成都钰衡科技有限公司,30K-50K,太原,包吃包住年底双薪全勤奖补充医疗保险
保姆,股份制企业,20-99人,2019-09-17 13:56:51,学历不限,社区/居民/家政服务,3-5年,四川御铁视文化传媒有限公司,3.5K-4.5K,成都,包吃包住
金保姆,民营,100-499人,2019-09-11 12:44:40,学历不限,客服/售前/售后技术支持,3-5年,宁波鄞州宁东乾通建材商行,4K-6K,宁波,五险一金交通补助餐补高温补贴节日福利
外遣项目年薪50万雇主直聘安保/家政/保姆出国人员,民营,20-99人,2019-09-12 14:51:43,学历不限,教育/培训,不限,成都蜀友企业管理有限公司,30K-50K,长春,包吃包住带薪年假工作居住证周末双休
保姆,民营,20-99人,2019-09-11 07:46:31,学历不限,医院/医疗/护理,不限,大连华泰泽药业有限公司,2K-4K,大连-甘井子区,
外遣项目年薪50万雇主直聘安保/家政/保姆出国人员,民营,20-99人,2019-09-19 16:16:34,学历不限,社区/居民/家政服务,不限,成都钰衡科技有限公司,30K-50K,长春,包吃包住年底双薪全勤奖补充医疗保险
保姆月嫂保洁人员,民营,20-99人,2019-09-19 11:40:24,高中,社区/居民/家政服务,3-5年,内蒙古优佳养老产业有限责任公司,8K-10K,呼和浩特,节日福利周末双休通讯补助五险一金
外遣项目年薪50万雇主直聘安保/家政/保姆出国人员,民营,20-99人,2019-09-12 14:48:28,学历不限,教育/培训,不限,成都蜀友企业管理有限公司,30K-50K,西安,包吃包住带薪年假工作居住证周末双休
外遣项目年薪50万雇主直聘安保/家政/保姆出国人员,民营,20-99人,2019-09-19 16:34:11,学历不限,社区/居民/家政服务,不限,成都钰衡科技有限公司,30K-50K,北京,包吃包住年底双薪全勤奖补充医疗保险
外遣项目年薪50万雇主直聘安保/家政/保姆出国人员,民营,20-99人,2019-09-19 16:26:33,学历不限,社区/居民/家政服务,不限,成都钰衡科技有限公司,30K-50K,武汉,包吃包住年底双薪全勤奖补充医疗保险
外遣项目年薪50万雇主直聘安保/家政/保姆出国人员,民营,20-99人,2019-09-19 15:52:33,学历不限,社区/居民/家政服务,不限,成都钰衡科技有限公司,30K-50K,长沙,包吃包住年底双薪全勤奖补充医疗保险
保姆,民营,20-99人,2019-09-18 16:50:16,学历不限,社区/居民/家政服务,不限,深圳新金领教育咨询有限公司,8K-10K,百色,包吃包住加班补助员工旅游节日福利
高薪聘一对一保姆,其它,不限,2019-09-10 15:36:27,学历不限,社区/居民/家政服务,不限,东莞市康乃馨家庭服务有限公司,6K-8K,东莞,包住包吃
外遣项目年薪50万雇主直聘安保/家政/保姆出国人员,合资,100-499人,2019-09-17 11:29:29,学历不限,社区/居民/家政服务,不限,成都泰晤士教育咨询有限公司,30K-50K,太原,全勤奖包吃包住带薪年假每年多次调薪
外遣项目年薪50万雇主直聘安保/家政/保姆出国人员,合资,100-499人,2019-09-17 12:38:20,学历不限,社区/居民/家政服务,不限,成都泰晤士教育咨询有限公司,30K-50K,杭州,全勤奖包吃包住带薪年假每年多次调薪
急招保姆有无经验都可5000以上工资,民营,100-499人,2019-09-17 18:08:05,学历不限,社区/居民/家政服务,不限,深圳市家贝贝母婴护理培训有限公司,6K-8K,广州,五险一金包吃定期体检包住
住家保姆,股份制企业,100-499人,2019-09-20 16:34:27,高中,社区/居民/家政服务,3-5年,贵州双平实业发展有限公司,5K-5.5K,贵阳,节日福利周末双休
招聘保姆,股份制企业,100-499人,2019-09-12 09:41:51,学历不限,社区/居民/家政服务,不限,广东顺德淘力网络科技有限公司,4K-7K,佛山-顺德区,五险一金绩效奖金带薪年假节日福利员工旅游
保姆,民营,20-99人,2019-09-18 16:36:11,学历不限,社区/居民/家政服务,不限,深圳新金领教育咨询有限公司,8K-10K,贵港,包吃包住加班补助员工旅游节日福利
保姆,股份制企业,不限,2019-09-18 08:41:37,学历不限,社区/居民/家政服务,3-5年,秦皇岛市团结物业服务有限公司,2K-4K,秦皇岛,
保姆家政,民营,20-99人,2019-09-03 16:56:43,学历不限,社区/居民/家政服务,不限,烟台仁成艾灸生物科技有限公司,1K-2K,烟台,节日福利定期团建弹性工作
外企急招保姆/保洁员/月嫂,其它,100-499人,2019-09-11 16:48:47,学历不限,社区/居民/家政服务,不限,郑州沙鸥文化传媒有限公司,30K-50K,滨州,带薪年假包吃包住
保姆,股份制企业,不限,2019-09-18 08:41:37,学历不限,社区/居民/家政服务,3-5年,秦皇岛市团结物业服务有限公司,2K-4K,秦皇岛,
外企急招保姆/保洁员/月嫂,其它,100-499人,2019-09-11 16:48:47,学历不限,社区/居民/家政服务,不限,郑州沙鸥文化传媒有限公司,30K-50K,滨州,带薪年假包吃包住
住家保姆,民营,20-99人,2019-09-20 16:12:27,学历不限,社区/居民/家政服务,3-5年,陕西汉轩园林绿化工程有限公司,3K-4K,西安,包住包吃
住家保姆,民营,20-99人,2019-09-20 16:12:27,学历不限,社区/居民/家政服务,3-5年,陕西汉轩园林绿化工程有限公司,3K-4K,西安,包住包吃
保姆,民营,20-99人,2019-09-18 16:36:11,学历不限,社区/居民/家政服务,不限,深圳新金领教育咨询有限公司,8K-10K,贵港,包吃包住加班补助员工旅游节日福利
高薪诚聘出国保姆/华人雇主/带薪年假,民营,20-99人,2019-09-20 17:46:11,学历不限,社区/居民/家政服务,不限,重庆尚诚人力资源服务有限公司,20K-30K,武汉,包住包吃加班补助补充医疗保险带薪年假
高薪诚聘出国保姆/华人雇主/带薪年假,民营,20-99人,2019-09-20 17:46:11,学历不限,社区/居民/家政服务,不限,重庆尚诚人力资源服务有限公司,20K-30K,黄石,包住包吃加班补助补充医疗保险带薪年假
高薪诚聘出国保姆/华人雇主/带薪年假,民营,20-99人,2019-09-20 17:46:11,学历不限,社区/居民/家政服务,不限,重庆尚诚人力资源服务有限公司,20K-30K,开封,包住包吃加班补助补充医疗保险带薪年假
高薪诚聘出国保姆/华人雇主/带薪年假,民营,20-99人,2019-09-20 17:46:11,学历不限,社区/居民/家政服务,不限,重庆尚诚人力资源服务有限公司,20K-30K,重庆,包住包吃加班补助补充医疗保险带薪年假
高薪诚聘出国保姆/华人雇主/带薪年假,民营,20-99人,2019-09-20 17:46:11,学历不限,社区/居民/家政服务,不限,重庆尚诚人力资源服务有限公司,20K-30K,郑州,包住包吃加班补助补充医疗保险带薪年假
高薪诚聘出国保姆/华人雇主/带薪年假,民营,20-99人,2019-09-20 17:46:11,学历不限,社区/居民/家政服务,不限,重庆尚诚人力资源服务有限公司,20K-30K,长春,包住包吃加班补助补充医疗保险带薪年假
高薪诚聘出国保姆/华人雇主/带薪年假,民营,20-99人,2019-09-20 17:46:11,学历不限,社区/居民/家政服务,不限,重庆尚诚人力资源服务有限公司,20K-30K,长沙,包住包吃加班补助补充医疗保险带薪年假
高薪诚聘出国保姆/华人雇主/带薪年假,民营,20-99人,2019-09-20 17:46:11,学历不限,社区/居民/家政服务,不限,重庆尚诚人力资源服务有限公司,20K-30K,沈阳,包住包吃加班补助补充医疗保险带薪年假
高薪诚聘出国保姆/华人雇主/带薪年假,民营,20-99人,2019-09-20 17:46:11,学历不限,社区/居民/家政服务,不限,重庆尚诚人力资源服务有限公司,20K-30K,天津,包住包吃加班补助补充医疗保险带薪年假
高薪诚聘出国保姆/华人雇主/带薪年假,民营,20-99人,2019-09-20 17:46:11,学历不限,社区/居民/家政服务,不限,重庆尚诚人力资源服务有限公司,20K-30K,济南,包住包吃加班补助补充医疗保险带薪年假
保姆,民营,20-99人,2019-09-20 17:06:34,学历不限,社区/居民/家政服务,不限,杭州开心点点居家综合服务有限公司,4K-6K,杭州,包住弹性工作
住家保姆,股份制企业,100-499人,2019-09-20 16:34:27,高中,社区/居民/家政服务,3-5年,贵州双平实业发展有限公司,5K-5.5K,贵阳,节日福利周末双休
保姆,民营,100-499人,2019-09-17 14:33:39,学历不限,社区/居民/家政服务,不限,深圳优邦到家家政服务有限公司,5K-7K,深圳,
高级保姆、母婴护理,其它,1000-9999人,2019-09-14 10:22:35,学历不限,社区/居民/家政服务,不限,广州旺姐家政服务有限公司,8K-10K,广州,五险一金年底双薪包吃包住每年多次调薪
保姆,民营,20人以下,2019-09-09 19:37:09,学历不限,社区/居民/家政服务,1-3年,湖南省博英教育科技有限责任公司,2K-3K,湘潭-雨湖区,包吃
保姆,民营,20人以下,2019-09-14 14:47:38,学历不限,社区/居民/家政服务,1-3年,长沙易众拓广告有限公司,2K-4K,长沙,包住
急招保姆/育婴师,民营,10000人以上,2019-09-19 15:50:44,学历不限,社区/居民/家政服务,不限,广州市明星家政服务有限公司,8K-10K,广州,年底双薪绩效奖金年终分红包住包吃
保姆,股份制企业,500-999人,2019-09-14 15:15:35,学历不限,社区/居民/家政服务,不限,上海肥大姐家政服务有限公司,8K-12K,上海,五险一金包吃包住试用期全额定期体检
保姆,股份制企业,500-999人,2019-09-14 10:13:25,学历不限,社区/居民/家政服务,不限,上海芸苏家政服务有限公司,5K-8K,上海,
居家养老保姆,民营,20人以下,2019-09-12 09:29:15,学历不限,社区/居民/家政服务,不限,成都亲护家信息技术有限公司,3.2K-4.3K,成都,包吃包住
保姆,民营,20-99人,2019-09-14 17:25:57,学历不限,社区/居民/家政服务,不限,珠海市傻大姐家政服务有限公司,6K-8K,珠海,包吃包住五险一金采暖补贴通讯补助
保姆阿姨,民营,20人以下,2019-09-20 15:15:54,学历不限,社区/居民/家政服务,不限,深圳市心心家政服务有限公司,4K-6K,深圳,包住包吃
保姆育婴师,股份制企业,500-999人,2019-09-08 16:41:00,学历不限,社区/居民/家政服务,不限,广州市泰洪家政服务有限公司,6K-8K,广州-白云区,五险一金包吃包住年底双薪
保姆,民营,100-499人,2019-09-16 14:54:14,学历不限,社区/居民/家政服务,不限,深圳市金蝠来教育咨询有限公司,15K-20K,深圳,五险一金年底双薪绩效奖金加班补助包吃
工资8千+低门槛+带小孩保姆,股份制企业,500-999人,2019-09-12 15:44:00,学历不限,社区/居民/家政服务,不限,上海芸苏家政服务有限公司,8K-15K,上海,五险一金年底双薪加班补助包住包吃
免费培训 招月嫂 育婴师 保姆 养老 保洁,其它,20-99人,2019-09-08 17:45:52,学历不限,社区/居民/家政服务,不限,青岛市黄岛区金海岸家政职业培训学校,5K-10K,青岛-黄岛区（新行政区）,创业公司每年多次调薪弹性工作五险一金绩效奖金
不住家养老保姆,民营,20人以下,2019-09-12 09:29:00,学历不限,社区/居民/家政服务,不限,成都亲护家信息技术有限公司,3.2K-4.3K,成都,
宝安急招保姆6000起,股份制企业,100-499人,2019-09-17 17:50:06,学历不限,社区/居民/家政服务,不限,深圳市君和母婴文化有限公司,6K-8K,深圳-南山区,加班补助包吃包住交通补助餐补
保姆家政,民营,20人以下,2019-09-06 16:50:16,学历不限,社区/居民/家政服务,1-3年,上海晶恩家政服务有限公司,4K-6K,上海,包吃包住
保姆（做饭）,民营,不限,2019-09-19 08:31:19,学历不限,社区/居民/家政服务,不限,厦门好慷家政服务有限公司成都分公司,5K-8K,成都,不加班节日福利
保洁工，保姆，护工,股份制企业,10000人以上,2019-09-06 09:59:56,学历不限,社区/居民/家政服务,不限,上海德邻家政服务有限公司,8K-10K,上海,加班补助房补餐补包住包吃
家庭保姆,民营,20人以下,2019-09-06 13:26:51,学历不限,社区/居民/家政服务,不限,上海晶恩家政服务有限公司,6K-8K,上海,包吃包住加班补助
保姆,民营,20-99人,2019-09-20 10:25:52,学历不限,社区/居民/家政服务,不限,陕西从易装饰工程有限公司,3K-3.5K,西安,不加班包吃
招育婴师月嫂保姆,民营,20-99人,2019-09-15 10:57:50,学历不限,社区/居民/家政服务,不限,深圳市永佳家政母婴服务有限公司,8K-12K,深圳,年底双薪包吃包住加班补助
育儿嫂、月嫂、保姆、小时工,不限,100-499人,2019-09-09 09:21:03,学历不限,社区/居民/家政服务,不限,北京市东城区阳光老年互助创新中心,5K-9K,北京,餐补包吃包住通讯补助定期体检
急聘住家保姆,不限,100-499人,2019-09-09 09:16:01,学历不限,社区/居民/家政服务,不限,北京市东城区阳光老年互助创新中心,6K-9K,北京,餐补包吃包住通讯补助定期体检
招聘家庭保姆  ,民营,20-99人,2019-09-10 09:13:28,学历不限,社区/居民/家政服务,不限,济南鲁富经贸有限公司,2K-4K,济南,
住家保姆,民营,20-99人,2019-09-15 23:34:31,中专,社区/居民/家政服务,1-3年,南京优之佳家政服务有限公司,4K-6K,南京,五险一金包吃包住
龙华急招生熟手育婴师保姆,事业单位,20-99人,2019-09-12 16:27:17,学历不限,社区/居民/家政服务,不限,深圳市万太国际家政服务有限公司,5K-10K,深圳,
保姆,其它,20-99人,2019-09-05 16:30:32,学历不限,社区/居民/家政服务,不限,河南了不起教育科技有限公司,4K-8K,郑州,绩效奖金包吃包住餐补房补
急招育婴师月嫂保姆,事业单位,20-99人,2019-09-12 16:26:39,学历不限,社区/居民/家政服务,不限,深圳市万太国际家政服务有限公司,7K-10K,深圳,
高薪聘请生活保姆,不限,100-499人,2019-09-16 13:45:47,学历不限,社区/居民/家政服务,不限,北京海洋博大家政服务有限公司,8K-10K,北京,每年多次调薪年底双薪带薪年假弹性工作包吃
高薪诚聘生活保姆,不限,100-499人,2019-09-16 13:45:47,学历不限,社区/居民/家政服务,不限,北京海洋博大家政服务有限公司,8K-10K,北京,每年多次调薪年底双薪带薪年假弹性工作包吃
高薪急聘生活保姆,不限,100-499人,2019-09-16 13:45:47,学历不限,社区/居民/家政服务,不限,北京海洋博大家政服务有限公司,8K-10K,北京,每年多次调薪年底双薪带薪年假弹性工作包吃
家庭保姆,民营,20-99人,2019-09-09 07:52:05,高中,社区/居民/家政服务,不限,大连殿龙农资销售有限公司,2K-4K,大连-瓦房店市,交通补助包吃包住
有无经验大姐做保姆工资8000起,民营,100-499人,2019-09-16 14:48:34,学历不限,社区/居民/家政服务,不限,深圳市金蝠来教育咨询有限公司,8K-10K,深圳,五险一金年底双薪年终分红加班补助包吃
保姆,民营,不限,2019-09-17 15:18:44,学历不限,社区/居民/家政服务,不限,广东省幸福汇家政服务有限公司,4K-8K,惠州,包吃包住大牛带队带薪年假通讯补助
月嫂/育婴师保姆,民营,20人以下,2019-09-13 12:54:17,高中,社区/居民/家政服务,1年以下,合肥宝贝之家教育咨询有限公司霍邱分公司,6K-8K,合肥,
广州8千急招各地保姆,其它,1000-9999人,2019-09-17 16:17:23,学历不限,社区/居民/家政服务,不限,广州旺姐家政服务有限公司,10K-15K,广州,五险一金年底双薪包吃包住每年多次调薪
保姆,民营,不限,2019-09-09 14:11:42,学历不限,社区/居民/家政服务,不限,河南中招国峰项目管理有限责任公司,1K-2K,安阳,绩效奖金
保姆,民营,100-499人,2019-09-17 15:09:44,学历不限,社区/居民/家政服务,不限,深圳优邦到家家政服务有限公司,6K-12K,深圳,五险一金年底双薪包吃包住全勤奖
住家保姆,民营,20人以下,2019-09-07 20:18:50,学历不限,社区/居民/家政服务,不限,青山湖区四喜的老饭店,4K-5K,南昌,年终分红全勤奖包吃通讯补助节日福利
保姆月嫂,民营,20人以下,2019-09-12 20:57:10,学历不限,社区/居民/家政服务,不限,广州市白云区松洲花蕊家庭服务部,8K-15K,广州,年底双薪包吃包住加班补助带薪年假
保姆,股份制企业,不限,2019-09-07 19:32:02,学历不限,社区/居民/家政服务,1-3年,成都星勇冷链物流有限公司,2K-3K,成都,包吃包住
招聘保姆,民营,20-99人,2019-09-17 10:02:06,学历不限,社区/居民/家政服务,不限,珠海市傻大姐家政服务有限公司,6K-8K,珠海,包吃包住五险一金加班补助交通补助
保姆,民营,不限,2019-09-16 12:35:48,学历不限,社区/居民/家政服务,不限,北京中恒阳光天地科技发展有限公司,4K-4K,北京,
高薪招聘保姆+包吃包住,民营,20-99人,2019-09-12 10:21:28,学历不限,社区/居民/家政服务,不限,湖南百闻家政服务有限公司,4K-8K,长沙,弹性工作创业公司五险
保姆,民营,20-99人,2019-09-16 16:44:32,学历不限,社区/居民/家政服务,不限,郑州天天会展服务有限公司,2K-4K,郑州,弹性工作不加班
保姆,民营,20-99人,2019-09-06 08:01:53,学历不限,社区/居民/家政服务,不限,大连天宇腾飞汽车服务有限公司,6K-8K,大连,交通补助节日福利五险通讯补助餐补
小保姆,民营,20-99人,2019-09-18 17:40:38,学历不限,社区/居民/家政服务,不限,珠海市傻大姐家政服务有限公司,4.5K-8.8K,珠海,包吃包住五险一金加班补助交通补助
保姆,民营,不限,2019-09-17 18:26:42,学历不限,社区/居民/家政服务,不限,郑州煦宸家政服务有限公司,3K-6K,郑州,
保姆,民营,100-499人,2019-09-11 09:28:53,学历不限,社区/居民/家政服务,1-3年,廊坊市恒远制冷设备有限公司,3K-3.5K,廊坊,
特别会做饭的保姆（后勤岗位）,民营,100-499人,2019-09-10 22:12:14,学历不限,社区/居民/家政服务,不限,上海善后文化传媒有限公司,5K-6K,上海,五险一金房补包吃包住弹性工作
单亲爸爸8千招聘住家保姆,民营,20-99人,2019-09-09 15:38:45,学历不限,社区/居民/家政服务,不限,深圳市永佳家政母婴服务有限公司,7K-9K,深圳,包吃包住
保姆,民营,20-99人,2019-09-17 10:39:09,学历不限,社区/居民/家政服务,3-5年,山东乔杨运输服务有限公司,2K-4K,济南-历城区,包吃包住
保姆,民营,不限,2019-09-16 06:51:01,学历不限,社区/居民/家政服务,不限,天津市河东区馨语家政服务中心,4K-5K,天津,
高薪急招高端家庭住家保姆,民营,1000-9999人,2019-09-18 14:52:20,学历不限,房地产开发/经纪/中介,不限,广州汇馨月教育信息咨询有限公司,8K-10K,广州,节日福利绩效奖金五险一金加班补助带薪年假
急招保姆,民营,20-99人,2019-09-14 17:26:13,学历不限,烹饪/料理/食品研发,不限,珠海市傻大姐家政服务有限公司,5K-9K,珠海,包吃包住
诚聘高端住家保姆一底薪三万,民营,不限,2019-09-20 11:14:04,学历不限,社区/居民/家政服务,不限,北京德馨乐居房地产经纪有限公司,30K-50K,北京,五险一金加班补助全勤奖包吃包住
住家保姆,民营,20-99人,2019-09-18 14:23:16,学历不限,社区/居民/家政服务,1-3年,江西我当家科技服务有限公司,4K-5K,南昌,
保姆,民营,20-99人,2019-09-17 10:02:07,学历不限,社区/居民/家政服务,不限,珠海市傻大姐家政服务有限公司,6K-10K,珠海,包吃包住五险一金加班补助交通补助
保姆司机,民营,500-999人,2019-09-18 12:02:42,大专,社区/居民/家政服务,1-3年,陕西小贝壳星雨商贸有限公司,4K-6K,西安,包吃
保姆销售,民营,20人以下,2019-09-14 14:54:03,大专,销售业务,1-3年,长沙易众拓广告有限公司,4K-6K,长沙,五险一金绩效奖金年终分红包住定期体检
保姆,股份制企业,500-999人,2019-09-18 09:38:59,学历不限,社区/居民/家政服务,不限,上海肥大姐家政服务有限公司,6K-8K,上海,包吃包住五险一金年底双薪绩效奖金
急招小区保姆包吃住,其它,20人以下,2019-09-20 11:41:11,学历不限,社区/居民/家政服务,不限,广州市优阳户外家具有限公司,4K-6K,广州-番禺区,带薪年假弹性工作员工旅游
保姆月嫂,民营,1000-9999人,2019-09-20 17:21:34,学历不限,社区/居民/家政服务,不限,广州五月福文化传播有限公司,6K-8K,广州,加班补助包住包吃弹性工作定期体检
婴儿游泳馆护理人,民营,20-99人,2019-09-20 00:50:01,学历不限,社区/居民/家政服务,不限,朔州春芽科教服务有限公司,2K-4K,朔州,周末双休绩效奖金全勤奖包吃包住
育婴师/水育师,民营,100-499人,2019-09-20 19:37:04,学历不限,社区/居民/家政服务,不限,山西创科科技有限公司,2K-4K,太原,五险一金包吃包住交通补助节日福利
社群营销 主管,民营,100-499人,2019-09-20 19:41:06,大专,社区/居民/家政服务,1-3年,河南缘香园商贸有限公司,15K-20K,郑州-郑东新区 ,员工旅游绩效奖金节日福利包吃包住
客服,民营,20-99人,2019-09-20 19:14:04,大专,客服/售前/售后技术支持,1-3年,河南护馨网络科技有限公司,4K-6K,洛阳,创业公司五险一金交通补助餐补通讯补助
经纪人,民营,20-99人,2019-09-20 19:36:02,大专,销售业务,不限,山东双铭信息科技有限公司,4K-6K,淄博,五险一金绩效奖金不加班交通补助餐补
育婴师,民营,100-499人,2019-09-20 18:27:56,学历不限,社区/居民/家政服务,不限,北京汇智能仁科技有限公司郑州分公司,4K-8K,郑州,包住全勤奖节日福利五险一金每年多次调薪
水育师,民营,100-499人,2019-09-20 18:27:56,学历不限,社区/居民/家政服务,不限,北京汇智能仁科技有限公司郑州分公司,3.5K-6K,郑州,包住全勤奖节日福利五险一金每年多次调薪
教员,民营,20-99人,2019-09-20 16:57:35,学历不限,教育/培训,不限,宜昌陈锋学校,3K-5K,宜昌-夷陵区,五险一金包吃带薪年假包住
海外财务,民营,20-99人,2019-09-20 19:48:09,大专,财务/审计/税务,1-3年,成都靖风房地产营销策划有限公司,8K-10K,肯尼亚,包住通讯补助带薪年假补充医疗保险包吃
家政经纪人,民营,20-99人,2019-09-20 16:37:07,学历不限,社区/居民/家政服务,不限,山西家家吉家政服务有限公司,6K-8K,太原,创业公司团队年轻化定期团建
助教老师,学校/下级学院,100-499人,2019-09-20 16:40:11,学历不限,教育/培训,无经验,河北赛迪恩优目智能科技有限公司,6K-8K,沧州,全勤奖弹性工作五险一金交通补助绩效奖金
包食宿综合技术维修工+五险,民营,100-499人,2019-09-20 16:57:37,中专,物业管理,不限,济南乐盈物业管理有限公司,3.5K-5K,济南,五险一金绩效奖金带薪年假每年多次调薪试用期全额
业务员,学校/下级学院,100-499人,2019-09-20 16:35:14,学历不限,销售业务,不限,河北赛迪恩优目智能科技有限公司,6K-8K,沧州,全勤奖弹性工作绩效奖金补充医疗保险创业公司
人事专员,民营,1000-9999人,2019-09-20 14:04:06,大专,人力资源,1-3年,临沂宝申家政服务有限公司,4K-6K,临沂,五险一金绩效奖金带薪年假通讯补助餐补
海外销售,民营,20-99人,2019-09-20 19:31:10,大专,销售业务,不限,成都靖风房地产营销策划有限公司,8K-12K,肯尼亚,绩效奖金包吃包住通讯补助带薪年假
人事主管,民营,1000-9999人,2019-09-20 14:04:06,大专,人力资源,1-3年,临沂宝申家政服务有限公司,4K-6K,临沂,五险一金绩效奖金带薪年假通讯补助餐补
业务经理,民营,1000-9999人,2019-09-20 14:04:06,学历不限,销售业务,不限,临沂宝申家政服务有限公司,6K-8K,临沂,五险一金绩效奖金带薪年假通讯补助餐补
商务代表,民营,1000-9999人,2019-09-20 14:04:06,学历不限,销售行政/商务,不限,临沂宝申家政服务有限公司,6K-8K,临沂,五险一金绩效奖金带薪年假通讯补助餐补
客服,民营,1000-9999人,2019-09-20 14:04:06,学历不限,客服/售前/售后技术支持,不限,临沂宝申家政服务有限公司,6K-8K,临沂,五险一金绩效奖金带薪年假通讯补助餐补
招商专员,民营,100-499人,2019-09-05 15:23:00,大专,销售业务,3-5年,湖南电保姆电力设备有限公司,8K-10K,长沙,五险一金年底双薪餐补全勤奖节日福利
销售经理,民营,100-499人,2019-09-17 10:56:32,中专,销售管理,1-3年,湖南电保姆电力设备有限公司,6K-8K,郴州,五险一金年底双薪餐补全勤奖节日福利
销售经理,民营,100-499人,2019-09-19 15:23:46,中专,销售业务,1-3年,湖南电保姆电力设备有限公司,4K-6K,郴州-永兴县,五险一金年底双薪餐补全勤奖节日福利
项目经理,民营,100-499人,2019-09-05 15:15:33,大专,项目管理/项目协调,3-5年,湖南电保姆电力设备有限公司,8K-10K,长沙,五险一金年底双薪餐补全勤奖节日福利
跟单员,民营,100-499人,2019-09-06 13:48:49,大专,销售业务,1-3年,湖南电保姆电力设备有限公司,6K-8K,长沙,五险一金年底双薪餐补全勤奖节日福利
营销主管,民营,100-499人,2019-09-19 15:25:00,中专,销售行政/商务,3-5年,湖南电保姆电力设备有限公司,8K-10K,长沙,五险一金年底双薪餐补全勤奖节日福利
市场策划营销经理,学校/下级学院,100-499人,2019-09-20 12:14:02,大专,市场,1-3年,河北赛迪恩优目智能科技有限公司,4K-6K,沧州,全勤奖五险一金绩效奖金员工旅游带团队
电话微信销售+单双轮休,民营,20-99人,2019-09-20 13:46:04,中专,客服/售前/售后技术支持,不限,河南众和食品科技有限公司,6K-8K,郑州-二七区,餐补房补各种奖金制度五险一金全勤奖
月嫂,民营,100-499人,2019-09-20 16:47:28,学历不限,社区/居民/家政服务,3-5年,临沂胜亲到家家庭服务有限公司,6K-8K,临沂-兰山区,节日福利包住五险一金包吃
护理员,民营,100-499人,2019-09-20 16:47:52,高中,社区/居民/家政服务,不限,西安碑林区康福得护理院,3.5K-4.5K,西安,包吃包住全勤奖高温补贴带薪年假
销售内勤,民营,100-499人,2019-09-20 10:39:57,大专,销售行政/商务,3-5年,湖南电保姆电力设备有限公司,8K-10K,长沙,五险一金年底双薪餐补全勤奖节日福利
公司保洁做饭,股份制企业,100-499人,2019-09-20 19:39:08,学历不限,社区/居民/家政服务,1-3年,北京桑普科澳饲料有限公司,4K-6K,北京,
厨师,民营,20-99人,2019-09-20 16:57:19,学历不限,社区/居民/家政服务,不限,陕西宏辉亿科工贸有限公司,2K-4K,西安,绩效奖金通讯补助带薪年假周末双休包吃
销售代表/市场推广/渠道开发/外派业务,民营,100-499人,2019-09-05 09:28:05,大专,销售业务,1-3年,湖南电保姆电力设备有限公司,6K-8K,长沙,五险一金年底双薪餐补全勤奖节日福利
家政服务阿姨,股份制企业,100-499人,2019-09-20 14:02:26,高中,社区/居民/家政服务,1-3年,无锡市环境卫生服务股份有限公司,4K-6K,无锡-滨湖区,五险一金带薪年假节日福利年底双薪周末双休
区域销售总监,民营,100-499人,2019-09-04 08:47:24,大专,销售业务,1-3年,湖南电保姆电力设备有限公司,8K-10K,长沙,五险一金年底双薪餐补全勤奖节日福利
运营助理,民营,20-99人,2019-09-20 10:34:59,大专,互联网产品/运营管理,不限,鑫眸(武汉)科技发展有限公司,4K-6K,武汉,每年多次调薪绩效奖金员工旅游节日福利全勤奖
58到家城市代理,民营,20人以下,2019-09-20 09:02:23,高中,销售业务,1年以下,天津五八互联网科技有限公司,10K-15K,天津,弹性工作
58社区管家,民营,20人以下,2019-09-20 09:03:08,学历不限,销售业务,不限,天津五八互联网科技有限公司,8K-10K,天津,弹性工作
家庭管家,股份制企业,20-99人,2019-09-20 17:43:36,中专,社区/居民/家政服务,5-10年,易圣投资集团股份有限公司,8K-10K,北京,包吃包住
母乳指导老师,民营,20-99人,2019-09-20 10:17:37,高中,社区/居民/家政服务,1-3年,宝妈部落(济南)母婴健康管理有限公司,6K-8K,济南,五险一金全勤奖节日福利生日福利不定期团建
【白云新市】电话销售，朝九晚六，购社保,民营,10000人以上,2019-09-20 15:31:37,中专,销售业务,不限,深圳市乐有家控股集团有限公司,4.1K-5.7K,广州,五险一金节日福利带薪年假绩效奖金晋升空间
【白云区】电话销售，高底薪4900，购社保,民营,10000人以上,2019-09-20 15:30:25,中专,销售业务,不限,深圳市乐有家控股集团有限公司,4.9K-5.7K,广州,五险一金节日福利带薪年假绩效奖金晋升空间
人事行政经理,民营,20-99人,2019-09-20 19:50:04,本科,人力资源,5-10年,沈阳巧嫂家政服务管理有限公司,6K-8K,沈阳,五险一金年终分红股票期权带薪年假弹性工作
家政经纪人,民营,20-99人,2019-09-20 19:49:07,中专,销售业务,3-5年,沈阳巧嫂家政服务管理有限公司,5K-10K,沈阳,五险一金年终分红股票期权带薪年假弹性工作
汽车服务连锁店高级运营经理,股份制企业,100-499人,2019-09-12 16:31:09,本科,高级管理,5-10年,天津车保姆网络技术有限公司,15K-20K,天津,五险一金包吃包住节日福利绩效奖金
婴儿水育师,民营,20人以下,2019-09-20 19:43:08,学历不限,社区/居民/家政服务,不限,佛山市禅城区叮叮铛健康信息咨询服务部,4K-6K,佛山-禅城区,绩效奖金餐补弹性工作试用期全额定期团建
品牌推广,民营,20-99人,2019-09-20 19:40:02,本科,广告/会展,3-5年,沈阳巧嫂家政服务管理有限公司,5K-8K,沈阳,五险一金年终分红股票期权带薪年假弹性工作
销售助理文员,民营,100-499人,2019-09-11 09:44:34,大专,销售行政/商务,1-3年,湖南电保姆电力设备有限公司,6K-8K,长沙-雨花区,五险一金年底双薪餐补全勤奖节日福利
急招美术老师[苏州市],民营,20-99人,2019-09-20 14:04:27,学历不限,教育/培训,不限,苏州市奇彩美术艺术培训有限公司,4K-6K,苏州-相城区,五险一金全勤奖交通补助餐补节日福利
销售专员（家政）,民营,10000人以上,2019-09-20 15:52:38,大专,销售业务,1-3年,北京五八到家信息技术有限公司,7K-12K,重庆,五险一金通讯补助试用期全额绩效奖金弹性工作
厨工,民营,20-99人,2019-09-20 10:22:46,学历不限,社区/居民/家政服务,不限,深圳市华商管理创新研究院,4K-6K,深圳,
海外销售助理,民营,100-499人,2019-09-20 14:14:22,大专,销售业务,1-3年,深圳市科润斯科技有限公司,7K-10K,深圳,五险一金绩效奖金带薪年假弹性工作员工旅游
网易客服专员,民营,1000-9999人,2019-09-20 10:07:08,大专,客服/售前/售后技术支持,1年以下,杭州温乐科技有限公司,3.7K-6K,宁波-北仑区,五险一金年底双薪带薪年假节日福利绩效奖金
驻外内勤人员,民营,20-99人,2019-09-20 16:48:07,大专,行政/后勤/文秘,1-3年,广州市狼峰机车零部件有限公司,8K-10K,广州,五险一金年底双薪绩效奖金全勤奖包吃
网易考拉物流专员,民营,1000-9999人,2019-09-20 10:07:08,大专,物流/仓储,1-3年,杭州温乐科技有限公司,3.7K-5K,宁波-北仑区,五险一金年底双薪带薪年假节日福利绩效奖金
海外销售,民营,100-499人,2019-09-20 14:09:05,大专,销售业务,1-3年,深圳市科润斯科技有限公司,8K-10K,深圳,五险一金绩效奖金带薪年假年终分红弹性工作
催乳师培训,民营,20-99人,2019-09-20 11:09:51,学历不限,社区/居民/家政服务,不限,西安雪绒花母婴服务有限公司,5K-8K,西安,弹性工作
驻外销售,民营,100-499人,2019-09-20 14:07:14,大专,销售业务,1-3年,深圳市科润斯科技有限公司,5K-10K,深圳,五险一金绩效奖金带薪年假年终分红弹性工作
业务老师,民营,不限,2019-09-20 14:22:35,学历不限,社区/居民/家政服务,不限,上海跃翔家政服务有限公司,15K-30K,上海,包吃包住绩效奖金全勤奖补充医疗保险
财务经理,股份制企业,100-499人,2019-09-17 13:12:34,本科,财务/审计/税务,不限,天津车保姆网络技术有限公司,6K-10K,天津,节日福利员工旅游带薪年假五险一金周末双休
导乐师（母婴护理）,民营,100-499人,2019-09-20 09:41:03,中专,社区/居民/家政服务,不限,山西蓝吉科技有限公司,4K-6K,太原,绩效奖金加班补助交通补助节日福利五险一金
销售经理销售总监,民营,100-499人,2019-09-19 15:23:27,学历不限,销售管理,1-3年,湖南电保姆电力设备有限公司,8K-10K,长沙-雨花区,五险一金餐补周末双休绩效奖金年终分红
置业顾问,民营,100-499人,2019-09-20 09:36:31,中专,房地产开发/经纪/中介,1-3年,重庆德众企业形象策划有限公司,10K-20K,重庆-渝北区,绩效奖金包吃包住带薪年假
海外销售人员,民营,100-499人,2019-09-20 14:08:06,大专,销售业务,1-3年,深圳市科润斯科技有限公司,8K-15K,深圳,五险一金绩效奖金带薪年假年终分红弹性工作
白云销售，底薪4900，购社保,民营,10000人以上,2019-09-20 15:31:38,中专,销售管理,不限,深圳市乐有家控股集团有限公司,8K-10K,广州-白云区,五险一金节日福利带薪年假绩效奖金晋升空间
销售人员,民营,100-499人,2019-09-20 14:17:30,大专,销售业务,1-3年,深圳市科润斯科技有限公司,8K-15K,深圳,五险一金绩效奖金带薪年假年终分红弹性工作
销售专员（家政）,民营,10000人以上,2019-09-20 15:52:38,大专,销售业务,1-3年,北京五八到家信息技术有限公司,7K-12K,重庆,五险一金通讯补助试用期全额绩效奖金弹性工作
育婴师,民营,20人以下,2019-09-20 09:40:10,学历不限,社区/居民/家政服务,不限,佛山市禅城区叮叮铛健康信息咨询服务部,4K-6K,佛山,绩效奖金全勤奖不加班餐补弹性工作
幼儿保育员,民营,100-499人,2019-09-20 16:58:04,学历不限,社区/居民/家政服务,1-3年,上海春光艺术实验幼儿园,3K-4K,上海,包吃节日福利带薪年假全勤奖
家政/做饭家/薪资4-8k/上六休一/8小时/薪资月结两次/不压薪资,其它,20-99人,2019-09-20 17:13:02,学历不限,社区/居民/家政服务,不限,无锡特人教育信息咨询有限公司,6K-8K,苏州,绩效奖金五险一金年底双薪餐补定期体检
小儿推拿师、催乳师,民营,20-99人,2019-09-20 14:20:21,中专,社区/居民/家政服务,不限,信阳绿萝母婴护理有限公司,4K-6K,信阳,带薪年假出国游带团队员工旅游绩效奖金
区域销售总监,民营,100-499人,2019-09-19 08:57:21,大专,销售管理,5-10年,广州众投科技有限公司,15K-30K,深圳,公司重点项目弹性工作项目奖金带团队合伙人
驻家阿姨,民营,20-99人,2019-09-20 16:58:23,学历不限,社区/居民/家政服务,3-5年,北京德元嘉文化发展有限公司,6K-8K,北京,包吃包住
年薪10万诚招医药销售主管（山西-太原、晋城）,上市公司,1000-9999人,2019-09-20 16:49:26,学历不限,销售业务,不限,山东罗欣药业集团股份有限公司,10K-15K,晋城,弹性工作绩效奖金五险一金带薪年假节日福利
急招产后修复学员一名,民营,100-499人,2019-09-20 16:48:16,学历不限,社区/居民/家政服务,不限,徐州月享荟家政服务有限公司,2K-4K,徐州-云龙区,年底双薪绩效奖金年终分红包吃包住
催乳师,民营,不限,2019-09-20 16:45:03,学历不限,社区/居民/家政服务,3-5年,成都天府新区广聚众德中医门诊有限公司,5K-10K,成都,
催乳师,民营,20-99人,2019-09-20 16:45:08,大专,社区/居民/家政服务,3-5年,贵州御臻健康咨询管理有限公司,3K-6K,遵义,餐补交通补助通讯补助带薪年假定期体检
【白云新市】电话销售，朝九晚六，购社保,民营,10000人以上,2019-09-20 15:31:37,中专,销售业务,不限,深圳市乐有家控股集团有限公司,4.1K-5.7K,广州,五险一金节日福利带薪年假绩效奖金晋升空间
【白云区】电话销售，高底薪4900，购社保,民营,10000人以上,2019-09-20 15:30:25,中专,销售业务,不限,深圳市乐有家控股集团有限公司,4.9K-5.7K,广州,五险一金节日福利带薪年假绩效奖金晋升空间
年薪10万诚招医药销售主管（山西-太原、晋城）,上市公司,1000-9999人,2019-09-20 16:42:21,学历不限,销售业务,不限,山东罗欣药业集团股份有限公司,10K-15K,太原,弹性工作绩效奖金五险一金带薪年假节日福利
销售代表,民营,100-499人,2019-09-20 14:05:21,大专,销售业务,1-3年,深圳市科润斯科技有限公司,8K-15K,深圳,五险一金绩效奖金带薪年假年终分红弹性工作
区域销售经理（量体师）,民营,100-499人,2019-09-19 08:57:21,大专,销售管理,5-10年,广州众投科技有限公司,13K-25K,重庆,公司重点项目弹性工作项目奖金带团队合伙人
区域销售经理（量体师）,民营,100-499人,2019-09-19 08:57:21,大专,销售管理,5-10年,广州众投科技有限公司,13K-25K,深圳,公司重点项目弹性工作项目奖金带团队合伙人
家政安置老师（铁西）,民营,20-99人,2019-09-20 15:26:35,大专,销售业务,1年以下,沈阳市金牌家政有限公司,3K-6K,沈阳-铁西区,五险餐补
产康师,民营,1000-9999人,2019-09-20 08:44:05,学历不限,社区/居民/家政服务,不限,深圳市生地投资发展有限公司,6K-8K,深圳-龙华新区,五险一金全勤奖包吃包住绩效奖金
咖啡师,上市公司,10000人以上,2019-09-04 10:33:32,中专,烹饪/料理/食品研发,不限,百胜中国北京市场,4K-6K,北京-朝阳区,五险一金年底双薪绩效奖金交通补助房补
城市销售经理,民营,100-499人,2019-09-19 08:57:21,大专,销售管理,5-10年,广州众投科技有限公司,10K-20K,重庆,公司重点项目弹性工作项目奖金带团队合伙人
区域销售经理（量体师）,民营,100-499人,2019-09-19 08:57:21,大专,销售管理,5-10年,广州众投科技有限公司,13K-25K,武汉,公司重点项目弹性工作项目奖金带团队合伙人
咖啡师（接受无经验投递）,上市公司,10000人以上,2019-09-04 10:33:34,中专,商超/酒店/娱乐管理/服务,不限,百胜中国北京市场,4.3K-4.4K,北京-大兴区,五险一金绩效奖金交通补助房补带薪年假
咖啡师（接受无经验投递）,上市公司,10000人以上,2019-09-04 10:33:34,中专,商超/酒店/娱乐管理/服务,不限,百胜中国北京市场,4.3K-4.4K,北京-海淀区,五险一金绩效奖金交通补助房补带薪年假
咖啡师（接受无经验投递）,上市公司,10000人以上,2019-09-04 10:33:34,中专,商超/酒店/娱乐管理/服务,不限,百胜中国北京市场,4.3K-4.4K,北京-朝阳区,五险一金绩效奖金交通补助房补带薪年假
咖啡师（接受无经验投递）,上市公司,10000人以上,2019-09-04 10:33:34,中专,商超/酒店/娱乐管理/服务,不限,百胜中国北京市场,4.3K-4.4K,北京-朝阳区,五险一金绩效奖金交通补助房补带薪年假
武汉城市销售经理,民营,100-499人,2019-09-19 08:57:20,大专,销售管理,5-10年,广州众投科技有限公司,13K-25K,武汉,公司重点项目弹性工作项目奖金带团队合伙人
置业顾问,民营,100-499人,2019-09-20 09:36:31,中专,房地产开发/经纪/中介,1-3年,重庆德众企业形象策划有限公司,10K-20K,重庆-北碚区,绩效奖金包吃包住带薪年假
家政安置老师（皇姑）,民营,20-99人,2019-09-20 15:27:35,大专,销售业务,1年以下,沈阳市金牌家政有限公司,3K-5K,沈阳-皇姑区,五险餐补
保育员/育婴师,民营,100-499人,2019-09-20 09:34:09,中专,社区/居民/家政服务,1-3年,上海小牙教育科技有限公司,3.5K-5K,上海,五险一金全勤奖餐补节日福利不加班
【白云新市】电话销售，朝九晚六，购社保,民营,10000人以上,2019-09-20 15:31:37,中专,销售业务,不限,深圳市乐有家控股集团有限公司,4.1K-5.7K,广州,五险一金节日福利带薪年假绩效奖金晋升空间
【白云新市】电话销售，朝九晚六，购社保,民营,10000人以上,2019-09-20 15:31:37,中专,销售业务,不限,深圳市乐有家控股集团有限公司,4.1K-5.7K,广州,五险一金节日福利带薪年假绩效奖金晋升空间
