外企急招保姆、保洁员,其它,100-499人,2019-09-11 16:39:53,学历不限,社区/居民/家政服务,不限,郑州沙鸥文化传媒有限公司,30K-50K,松原-宁江区,带薪年假包吃包住
急住家保姆5500工资包吃住/有无经验都可,民营,100-499人,2019-09-17 18:08:48,学历不限,社区/居民/家政服务,不限,深圳市家贝贝母婴护理培训有限公司,6K-8K,南昌,五险一金包吃定期体检加班补助
8千招育婴保姆接受新手,其它,不限,2019-09-11 14:38:36,学历不限,社区/居民/家政服务,不限,东莞市康乃馨家庭服务有限公司,6K-8K,东莞,包吃包住年底双薪
做保姆不如做月嫂,民营,100-499人,2019-09-11 14:43:54,学历不限,社区/居民/家政服务,不限,成都市若爱家庭服务有限公司,6K-8K,成都,年底双薪加班补助包吃包住交通补助
家庭保姆,民营,100-499人,2019-09-14 17:32:15,中专,社区/居民/家政服务,不限,山西宝力房地产开发有限公司,3K-4K,太原,包吃包住
9千急聘带孩子住家保姆,民营,不限,2019-09-16 20:41:16,学历不限,社区/居民/家政服务,不限,深圳市深爱天使家政服务有限责任公司,8K-10K,深圳,包吃包住餐补加班补助弹性工作
高薪急招保姆、住家保姆,民营,100-499人,2019-09-17 10:20:02,学历不限,其他,不限,深圳市好满意家政服务有限公司,6K-8K,深圳-龙华新区,
三口之家聘保姆8000,其它,不限,2019-09-11 14:39:07,学历不限,社区/居民/家政服务,不限,东莞市康乃馨家庭服务有限公司,8K-10K,东莞,包吃包住年底双薪
外企急招保姆/保洁员/月嫂,其它,100-499人,2019-09-11 16:48:47,学历不限,社区/居民/家政服务,不限,郑州沙鸥文化传媒有限公司,30K-50K,青岛-青岛高新技术产业开发区,带薪年假包吃包住
外企急招保姆、保洁员,其它,100-499人,2019-09-11 16:39:53,学历不限,社区/居民/家政服务,不限,郑州沙鸥文化传媒有限公司,30K-50K,长春-宽城区,带薪年假包吃包住
保姆,民营,500-999人,2019-09-15 09:57:57,学历不限,社区/居民/家政服务,不限,哈尔滨启睿教育咨询有限公司,2K-4K,哈尔滨-南岗区,
做保姆照顾老人赚高薪,其它,不限,2019-09-11 14:39:24,学历不限,社区/居民/家政服务,不限,东莞市康乃馨家庭服务有限公司,8K-10K,东莞,包吃包住年底双薪
大量新单高薪诚聘家务保姆,民营,100-499人,2019-09-11 15:39:31,高中,社区/居民/家政服务,1-3年,厦门好邦伲家政服务有限公司,4.5K-8K,深圳-福田区,包吃包住
保姆,合资,20-99人,2019-09-09 17:16:11,学历不限,社区/居民/家政服务,不限,山西久聚堂酒业有限公司,2K-4K,太原,节日福利包吃包住
外遣项目年薪50万雇主直聘司机/安保/家政/保姆出国人员,民营,20-99人,2019-09-16 10:12:59,学历不限,社区/居民/家政服务,不限,天津正华达建筑劳务有限公司,30K-50K,郑州,包吃包住加班补助年底双薪带薪年假
外遣项目年薪50万雇主直聘安保/家政/保姆出国人员,民营,20-99人,2019-09-16 10:11:37,学历不限,社区/居民/家政服务,不限,天津正华达建筑劳务有限公司,30K-50K,重庆,包吃包住加班补助年底双薪带薪年假
保姆每月5000,民营,100-499人,2019-09-18 09:48:30,学历不限,社区/居民/家政服务,3-5年,江苏泛美教育科技有限公司,4K-6K,张家港,弹性工作
外遣项目年薪50万雇主直聘安保/家政/保姆出国人员,民营,100-499人,2019-09-12 14:30:52,学历不限,社区/居民/家政服务,不限,重庆汇博嘉福广告传媒有限公司,30K-50K,北京,全勤奖包吃包住交通补助加班补助
外遣项目年薪50万雇主直聘安保/家政/保姆出国人员,民营,20-99人,2019-09-16 10:11:36,学历不限,社区/居民/家政服务,不限,天津正华达建筑劳务有限公司,30K-50K,南京,包吃包住加班补助年底双薪带薪年假
急聘+月嫂+育婴师+保姆+保洁,民营,100-499人,2019-09-17 17:10:45,学历不限,社区/居民/家政服务,不限,深圳市家贝贝母婴护理培训有限公司,4.5K-8.5K,西安,五险一金包住包吃定期体检加班补助
外遣项目年薪50万雇主直聘安保/家政/保姆出国人员,合资,100-499人,2019-09-17 11:20:39,学历不限,社区/居民/家政服务,不限,成都泰晤士教育咨询有限公司,30K-50K,西安,全勤奖包吃包住带薪年假每年多次调薪
保姆家政,其它,20-99人,2019-09-10 14:12:00,学历不限,社区/居民/家政服务,1-3年,天津市天冠麟工贸有限公司,4K-6K,天津-滨海新区,包吃
家政保姆做饭师/就近/6-8k,民营,20人以下,2019-09-05 18:35:57,学历不限,社区/居民/家政服务,1-3年,衢州永日网络科技有限公司,6K-8K,苏州,五险一金年底双薪绩效奖金交通补助带薪年假
外遣项目年薪50万雇主直聘安保/家政/保姆出国人员,民营,20-99人,2019-09-12 14:31:30,学历不限,教育/培训,不限,成都蜀友企业管理有限公司,30K-50K,北京,包吃包住带薪年假工作居住证周末双休
厨房钟点工、保姆.月嫂有无经验均可,民营,100-499人,2019-09-17 10:19:54,学历不限,其他,不限,深圳市好满意家政服务有限公司,4K-6K,深圳-龙华新区,
保姆幼师全职家教,民营,100-499人,2019-09-16 00:50:02,大专,教育/培训,1-3年,黑龙江省玉影建筑安装工程有限公司,5K-10K,哈尔滨,包吃包住
保姆家政 厨师,民营,20-99人,2019-09-19 10:34:37,学历不限,烹饪/料理/食品研发,1-3年,天津福隆海运集团有限公司,4K-6K,天津,包吃弹性工作周末双休年底双薪试用期全额
保安保姆保洁,股份制企业,不限,2019-09-20 07:42:14,高中,社区/居民/家政服务,不限,北京华玉汇鑫家庭服务有限公司,4K-8K,北京,包吃包住无试用期加班补助免费班车
保姆,国企,20-99人,2019-09-18 17:50:05,学历不限,社区/居民/家政服务,不限,《时代书画报》社有限公司,4K-6K,北京,包吃包住
保姆月嫂无经验可培训,民营,100-499人,2019-09-17 10:19:45,学历不限,社区/居民/家政服务,不限,深圳市好满意家政服务有限公司,6.5K-12K,深圳-龙华新区,五险一金包吃包住弹性工作补充医疗保险
6000急招保姆无经验 ,民营,100-499人,2019-09-18 10:16:14,学历不限,社区/居民/家政服务,不限,成都市若爱家庭服务有限公司,3.5K-6.5K,成都,五险一金全勤奖加班补助包住包吃
急招保姆.月嫂.家政服务人员,民营,100-499人,2019-09-17 10:19:50,学历不限,社区/居民/家政服务,不限,深圳市好满意家政服务有限公司,6K-8K,深圳-龙华新区,五险一金年底双薪绩效奖金全勤奖包吃
保姆招商,股份制企业,100-499人,2019-09-05 17:46:46,大专,客服/售前/售后技术支持,1-3年,北京好孕妈妈教育咨询有限公司,5K-8K,广州,五险一金包住餐补加班补助弹性工作
住家保姆,国企,20-99人,2019-09-18 17:50:18,学历不限,社区/居民/家政服务,不限,《时代书画报》社有限公司,4K-6K,北京,包吃包住
急招家政保姆/新熟手均可,民营,100-499人,2019-09-17 10:19:52,学历不限,社区/居民/家政服务,不限,深圳市好满意家政服务有限公司,6K-12K,深圳-龙华新区,定期体检补充医疗保险弹性工作包吃包住
若爱家政急招住家保姆,民营,100-499人,2019-09-18 10:14:03,学历不限,社区/居民/家政服务,不限,成都市若爱家庭服务有限公司,2K-4K,成都,年底双薪包住包吃全勤奖定期体检
保姆培训师,民营,100-499人,2019-09-07 15:39:45,中专,人力资源,3-5年,厦门好邦伲家政服务有限公司,4K-6K,深圳-福田区,五险一金绩效奖金带薪年假
8千急招有无经验保姆/护工/月嫂/育婴师/老人护理,民营,100-499人,2019-09-19 15:33:51,学历不限,社区/居民/家政服务,不限,深圳市英港多多家政服务有限公司,6K-12K,深圳,年底双薪包住包吃带薪年假加班补助
保姆护工 包吃住 ,股份制企业,1000-9999人,2019-09-04 10:06:30,学历不限,社区/居民/家政服务,不限,点米立德(深圳)科技有限公司,4K-6K,成都-成华区,五险一金绩效奖金试用期全额高温补贴不加班
急招家政人员/保姆/钟点工数名,民营,100-499人,2019-09-17 10:19:53,学历不限,社区/居民/家政服务,不限,深圳市好满意家政服务有限公司,6K-12K,深圳-龙华新区,定期体检补充医疗保险弹性工作包吃包住
急招有无经验保姆/护工/月嫂/育婴师/老人护理 月入过万不是梦,民营,100-499人,2019-09-19 15:34:03,学历不限,社区/居民/家政服务,不限,深圳市英港多多家政服务有限公司,7K-10K,深圳,年底双薪包住包吃带薪年假加班补助
外遣项目年薪50万雇主直聘安保/家政/保姆出国人员,民营,20-99人,2019-09-16 10:12:33,学历不限,社区/居民/家政服务,无经验,天津正华达建筑劳务有限公司,30K-50K,北京,包吃包住加班补助年底双薪带薪年假
保姆,民营,20-99人,2019-09-09 13:20:02,学历不限,社区/居民/家政服务,不限,黑龙江虫马虫义信息技术咨询有限公司,2K-4K,哈尔滨-香坊区,五险一金绩效奖金加班补助全勤奖包吃
家政员/保姆/阿姨,民营,100-499人,2019-09-06 10:45:56,高中,行政/后勤/文秘,不限,北京阿姨来了信息科技有限公司,4K-6K,合肥,包住包吃全勤奖餐补
外遣项目年薪50万雇主直聘安保/家政/保姆出国人员,民营,20-99人,2019-09-16 10:12:32,学历不限,社区/居民/家政服务,不限,天津正华达建筑劳务有限公司,30K-50K,成都,包吃包住加班补助年底双薪带薪年假
家庭保姆,民营,100-499人,2019-09-17 10:19:53,学历不限,社区/居民/家政服务,不限,深圳市好满意家政服务有限公司,6K-12K,深圳-龙华新区,定期体检补充医疗保险弹性工作包吃包住
急招家政保姆/新熟手均可,民营,100-499人,2019-09-16 17:52:08,学历不限,社区/居民/家政服务,不限,帝赫尼家居(深圳)有限公司,6K-12K,深圳,五险一金包吃包住全勤奖弹性工作
新西兰/铲车司机/保姆/钢筋工/木工/瓦工/电焊工/电工/厨师/漆工,其它,100-499人,2019-09-17 20:17:09,学历不限,技工/操作工,1年以下,辽宁速达出入境服务有限公司,15K-20K,牡丹江,五险一金全勤奖包吃包住房补
新西兰/铲车司机/保姆/钢筋工/木工/瓦工/电焊工/电工/厨师/漆工,其它,100-499人,2019-09-17 20:17:09,学历不限,技工/操作工,1年以下,辽宁速达出入境服务有限公司,15K-20K,营口,五险一金全勤奖包吃包住房补
新西兰/铲车司机/保姆/钢筋工/木工/瓦工/电焊工/电工/厨师/漆工,其它,100-499人,2019-09-17 20:17:09,学历不限,技工/操作工,1年以下,辽宁速达出入境服务有限公司,15K-20K,三明,五险一金全勤奖包吃包住房补
澳洲/电焊工/油漆工/叉车工/搬运工/司机/厨师/保姆/木工/瓦工,其它,100-499人,2019-09-17 20:06:36,学历不限,技工/操作工,1年以下,辽宁速达出入境服务有限公司,15K-20K,秦皇岛,五险一金全勤奖包吃包住房补
新西兰/铲车司机/保姆/钢筋工/木工/瓦工/电焊工/电工/厨师/漆工,其它,100-499人,2019-09-17 20:17:09,学历不限,技工/操作工,1年以下,辽宁速达出入境服务有限公司,15K-20K,驻马店,五险一金全勤奖包吃包住房补
新西兰/铲车司机/保姆/钢筋工/木工/瓦工/电焊工/电工/厨师/漆工,其它,100-499人,2019-09-17 20:17:09,学历不限,技工/操作工,1年以下,辽宁速达出入境服务有限公司,15K-20K,永济市,五险一金全勤奖包吃包住房补
澳洲/电焊工/油漆工/叉车工/搬运工/司机/厨师/保姆/木工/瓦工,其它,100-499人,2019-09-17 20:06:36,学历不限,技工/操作工,1年以下,辽宁速达出入境服务有限公司,15K-20K,南通,五险一金全勤奖包吃包住房补
新西兰/铲车司机/保姆/钢筋工/木工/瓦工/电焊工/电工/厨师/漆工,其它,100-499人,2019-09-17 20:17:09,学历不限,技工/操作工,1年以下,辽宁速达出入境服务有限公司,15K-20K,绥化,五险一金全勤奖包吃包住房补
新西兰/铲车司机/保姆/钢筋工/木工/瓦工/电焊工/电工/厨师/漆工,其它,100-499人,2019-09-17 20:17:09,学历不限,技工/操作工,1年以下,辽宁速达出入境服务有限公司,15K-20K,大庆,五险一金全勤奖包吃包住房补
澳洲/电焊工/油漆工/叉车工/搬运工/司机/厨师/保姆/木工/瓦工,其它,100-499人,2019-09-17 20:06:36,学历不限,技工/操作工,1年以下,辽宁速达出入境服务有限公司,15K-20K,安庆,五险一金全勤奖包吃包住房补
新西兰/铲车司机/保姆/钢筋工/木工/瓦工/电焊工/电工/厨师/漆工,其它,100-499人,2019-09-17 20:17:09,学历不限,技工/操作工,1年以下,辽宁速达出入境服务有限公司,15K-20K,庆阳,五险一金全勤奖包吃包住房补
保姆,股份制企业,1000-9999人,2019-09-19 08:28:33,学历不限,社区/居民/家政服务,不限,易事特集团股份有限公司,4.5K-5K,东莞,五险一金全勤奖节日福利
澳洲/电焊工/油漆工/叉车工/搬运工/司机/厨师/保姆/木工/瓦工,其它,100-499人,2019-09-17 20:06:36,学历不限,技工/操作工,1年以下,辽宁速达出入境服务有限公司,15K-20K,淄博,五险一金全勤奖包吃包住房补
新西兰/铲车司机/保姆/钢筋工/木工/瓦工/电焊工/电工/厨师/漆工,其它,100-499人,2019-09-17 20:17:09,学历不限,技工/操作工,1年以下,辽宁速达出入境服务有限公司,15K-20K,通辽,五险一金全勤奖包吃包住房补
澳洲/电焊工/油漆工/叉车工/搬运工/司机/厨师/保姆/木工/瓦工,其它,100-499人,2019-09-17 20:06:36,学历不限,技工/操作工,1年以下,辽宁速达出入境服务有限公司,15K-20K,遵化,五险一金全勤奖包吃包住房补
保姆,民营,100-499人,2019-09-20 10:57:52,学历不限,社区/居民/家政服务,5-10年,承德博堃建设集团有限公司,2K-4K,承德,
澳洲/电焊工/油漆工/叉车工/搬运工/司机/厨师/保姆/木工/瓦工,其它,100-499人,2019-09-17 20:06:36,学历不限,技工/操作工,1年以下,辽宁速达出入境服务有限公司,15K-20K,聊城,五险一金全勤奖包吃包住房补
新西兰/铲车司机/保姆/钢筋工/木工/瓦工/电焊工/电工/厨师/漆工,其它,100-499人,2019-09-17 20:17:09,学历不限,技工/操作工,1年以下,辽宁速达出入境服务有限公司,15K-20K,焦作,五险一金全勤奖包吃包住房补
新西兰/铲车司机/保姆/钢筋工/木工/瓦工/电焊工/电工/厨师/漆工,其它,100-499人,2019-09-17 20:17:09,学历不限,技工/操作工,1年以下,辽宁速达出入境服务有限公司,15K-20K,信阳,五险一金全勤奖包吃包住房补
澳洲/电焊工/油漆工/叉车工/搬运工/司机/厨师/保姆/木工/瓦工,其它,100-499人,2019-09-17 20:06:36,学历不限,技工/操作工,1年以下,辽宁速达出入境服务有限公司,15K-20K,青岛,五险一金全勤奖包吃包住房补
澳洲/电焊工/油漆工/叉车工/搬运工/司机/厨师/保姆/木工/瓦工,其它,100-499人,2019-09-17 20:06:36,学历不限,技工/操作工,1年以下,辽宁速达出入境服务有限公司,15K-20K,沈阳,五险一金全勤奖包吃包住房补
新西兰/铲车司机/保姆/钢筋工/木工/瓦工/电焊工/电工/厨师/漆工,其它,100-499人,2019-09-17 20:17:09,学历不限,技工/操作工,1年以下,辽宁速达出入境服务有限公司,15K-20K,新乡,五险一金全勤奖包吃包住房补
澳洲/电焊工/油漆工/叉车工/搬运工/司机/厨师/保姆/木工/瓦工,其它,100-499人,2019-09-17 20:06:36,学历不限,技工/操作工,1年以下,辽宁速达出入境服务有限公司,15K-20K,晋城,五险一金全勤奖包吃包住房补
澳洲/电焊工/油漆工/叉车工/搬运工/司机/厨师/保姆/木工/瓦工,其它,100-499人,2019-09-17 20:06:36,学历不限,技工/操作工,1年以下,辽宁速达出入境服务有限公司,15K-20K,济宁,五险一金全勤奖包吃包住房补
澳洲/电焊工/油漆工/叉车工/搬运工/司机/厨师/保姆/木工/瓦工,其它,100-499人,2019-09-17 20:06:36,学历不限,技工/操作工,1年以下,辽宁速达出入境服务有限公司,15K-20K,威海,五险一金全勤奖包吃包住房补
澳洲/电焊工/油漆工/叉车工/搬运工/司机/厨师/保姆/木工/瓦工,其它,100-499人,2019-09-17 20:06:36,学历不限,技工/操作工,1年以下,辽宁速达出入境服务有限公司,15K-20K,运城,五险一金全勤奖包吃包住房补
新西兰/铲车司机/保姆/钢筋工/木工/瓦工/电焊工/电工/厨师/漆工,其它,100-499人,2019-09-17 20:17:09,学历不限,技工/操作工,1年以下,辽宁速达出入境服务有限公司,15K-20K,包头,五险一金全勤奖包吃包住房补
澳洲/电焊工/油漆工/叉车工/搬运工/司机/厨师/保姆/木工/瓦工,其它,100-499人,2019-09-17 20:06:36,学历不限,技工/操作工,1年以下,辽宁速达出入境服务有限公司,15K-20K,临汾,五险一金全勤奖包吃包住房补
新西兰/铲车司机/保姆/钢筋工/木工/瓦工/电焊工/电工/厨师/漆工,其它,100-499人,2019-09-17 20:17:09,学历不限,技工/操作工,1年以下,辽宁速达出入境服务有限公司,15K-20K,天水,五险一金全勤奖包吃包住房补
新西兰/铲车司机/保姆/钢筋工/木工/瓦工/电焊工/电工/厨师/漆工,其它,100-499人,2019-09-17 20:17:09,学历不限,技工/操作工,1年以下,辽宁速达出入境服务有限公司,15K-20K,乌兰察布,五险一金全勤奖包吃包住房补
新西兰/铲车司机/保姆/钢筋工/木工/瓦工/电焊工/电工/厨师/漆工,其它,100-499人,2019-09-17 20:17:09,学历不限,技工/操作工,1年以下,辽宁速达出入境服务有限公司,15K-20K,洛阳,五险一金全勤奖包吃包住房补
新西兰/铲车司机/保姆/钢筋工/木工/瓦工/电焊工/电工/厨师/漆工,其它,100-499人,2019-09-17 20:17:09,学历不限,技工/操作工,1年以下,辽宁速达出入境服务有限公司,15K-20K,商丘,五险一金全勤奖包吃包住房补
新西兰/铲车司机/保姆/钢筋工/木工/瓦工/电焊工/电工/厨师/漆工,其它,100-499人,2019-09-17 20:17:09,学历不限,技工/操作工,1年以下,辽宁速达出入境服务有限公司,15K-20K,开封,五险一金全勤奖包吃包住房补
别墅住家保姆,民营,500-999人,2019-09-16 14:07:13,学历不限,社区/居民/家政服务,1年以下,中国世纪新城投资集团有限公司,4K-6K,北京,
澳洲/电焊工/油漆工/叉车工/搬运工/司机/厨师/保姆/木工/瓦工,其它,100-499人,2019-09-17 20:06:36,学历不限,技工/操作工,1年以下,辽宁速达出入境服务有限公司,15K-20K,邢台,五险一金全勤奖包吃包住房补
新西兰/铲车司机/保姆/钢筋工/木工/瓦工/电焊工/电工/厨师/漆工,其它,100-499人,2019-09-17 20:17:09,学历不限,技工/操作工,1年以下,辽宁速达出入境服务有限公司,15K-20K,宁德,五险一金全勤奖包吃包住房补
新西兰/铲车司机/保姆/钢筋工/木工/瓦工/电焊工/电工/厨师/漆工,其它,100-499人,2019-09-17 20:17:09,学历不限,技工/操作工,1年以下,辽宁速达出入境服务有限公司,15K-20K,赤峰,五险一金全勤奖包吃包住房补
澳洲/电焊工/油漆工/叉车工/搬运工/司机/厨师/保姆/木工/瓦工,其它,100-499人,2019-09-17 20:06:36,学历不限,技工/操作工,1年以下,辽宁速达出入境服务有限公司,15K-20K,承德,五险一金全勤奖包吃包住房补
新西兰/铲车司机/保姆/钢筋工/木工/瓦工/电焊工/电工/厨师/漆工,其它,100-499人,2019-09-17 20:17:09,学历不限,技工/操作工,1年以下,辽宁速达出入境服务有限公司,15K-20K,廊坊,五险一金全勤奖包吃包住房补
澳洲/电焊工/油漆工/叉车工/搬运工/司机/厨师/保姆/木工/瓦工,其它,100-499人,2019-09-17 20:06:36,学历不限,技工/操作工,1年以下,辽宁速达出入境服务有限公司,15K-20K,苏州,五险一金全勤奖包吃包住房补
新西兰/铲车司机/保姆/钢筋工/木工/瓦工/电焊工/电工/厨师/漆工,其它,100-499人,2019-09-17 20:17:09,学历不限,技工/操作工,1年以下,辽宁速达出入境服务有限公司,15K-20K,周口,五险一金全勤奖包吃包住房补
澳洲/电焊工/油漆工/叉车工/搬运工/司机/厨师/保姆/木工/瓦工,其它,100-499人,2019-09-17 20:06:36,学历不限,技工/操作工,1年以下,辽宁速达出入境服务有限公司,15K-20K,徐州,五险一金全勤奖包吃包住房补
澳洲/电焊工/油漆工/叉车工/搬运工/司机/厨师/保姆/木工/瓦工,其它,100-499人,2019-09-17 20:06:36,学历不限,技工/操作工,1年以下,辽宁速达出入境服务有限公司,15K-20K,菏泽,五险一金全勤奖包吃包住房补
澳洲/电焊工/油漆工/叉车工/搬运工/司机/厨师/保姆/木工/瓦工,其它,100-499人,2019-09-17 20:06:36,学历不限,技工/操作工,1年以下,辽宁速达出入境服务有限公司,15K-20K,烟台,五险一金全勤奖包吃包住房补
住家保姆,民营,1000-9999人,2019-09-04 15:30:47,中专,社区/居民/家政服务,1-3年,河北三河燕达实业集团有限公司,4K-6K,廊坊-燕郊开发区,
澳洲/电焊工/油漆工/叉车工/搬运工/司机/厨师/保姆/木工/瓦工,其它,100-499人,2019-09-17 20:06:36,学历不限,技工/操作工,1年以下,辽宁速达出入境服务有限公司,15K-20K,无锡,五险一金全勤奖包吃包住房补
保姆顾问-吴江,民营,500-999人,2019-09-15 13:45:47,学历不限,销售业务,不限,苏州灿晟信息科技有限公司,6K-8K,苏州,绩效奖金带薪年假弹性工作节日福利员工旅游
新西兰/铲车司机/保姆/钢筋工/木工/瓦工/电焊工/电工/厨师/漆工,其它,100-499人,2019-09-17 20:17:09,学历不限,技工/操作工,1年以下,辽宁速达出入境服务有限公司,15K-20K,朔州,五险一金全勤奖包吃包住房补
澳洲/电焊工/油漆工/叉车工/搬运工/司机/厨师/保姆/木工/瓦工,其它,100-499人,2019-09-17 20:06:36,学历不限,技工/操作工,1年以下,辽宁速达出入境服务有限公司,15K-20K,临汾,五险一金全勤奖包吃包住房补
新西兰/铲车司机/保姆/钢筋工/木工/瓦工/电焊工/电工/厨师/漆工,其它,100-499人,2019-09-17 20:17:09,学历不限,技工/操作工,1年以下,辽宁速达出入境服务有限公司,15K-20K,廊坊,五险一金全勤奖包吃包住房补
澳洲/电焊工/油漆工/叉车工/搬运工/司机/厨师/保姆/木工/瓦工,其它,100-499人,2019-09-17 20:06:36,学历不限,技工/操作工,1年以下,辽宁速达出入境服务有限公司,15K-20K,苏州,五险一金全勤奖包吃包住房补
新西兰/铲车司机/保姆/钢筋工/木工/瓦工/电焊工/电工/厨师/漆工,其它,100-499人,2019-09-17 20:17:09,学历不限,技工/操作工,1年以下,辽宁速达出入境服务有限公司,15K-20K,周口,五险一金全勤奖包吃包住房补
新西兰/铲车司机/保姆/钢筋工/木工/瓦工/电焊工/电工/厨师/漆工,其它,100-499人,2019-09-17 20:17:09,学历不限,技工/操作工,1年以下,辽宁速达出入境服务有限公司,15K-20K,宁德,五险一金全勤奖包吃包住房补
澳洲/电焊工/油漆工/叉车工/搬运工/司机/厨师/保姆/木工/瓦工,其它,100-499人,2019-09-17 20:06:36,学历不限,技工/操作工,1年以下,辽宁速达出入境服务有限公司,15K-20K,承德,五险一金全勤奖包吃包住房补
新西兰/铲车司机/保姆/钢筋工/木工/瓦工/电焊工/电工/厨师/漆工,其它,100-499人,2019-09-17 20:17:09,学历不限,技工/操作工,1年以下,辽宁速达出入境服务有限公司,15K-20K,赤峰,五险一金全勤奖包吃包住房补
澳洲/电焊工/油漆工/叉车工/搬运工/司机/厨师/保姆/木工/瓦工,其它,100-499人,2019-09-17 20:06:36,学历不限,技工/操作工,1年以下,辽宁速达出入境服务有限公司,15K-20K,邢台,五险一金全勤奖包吃包住房补
澳洲/电焊工/油漆工/叉车工/搬运工/司机/厨师/保姆/木工/瓦工,其它,100-499人,2019-09-17 20:06:36,学历不限,技工/操作工,1年以下,辽宁速达出入境服务有限公司,15K-20K,徐州,五险一金全勤奖包吃包住房补
澳洲/电焊工/油漆工/叉车工/搬运工/司机/厨师/保姆/木工/瓦工,其它,100-499人,2019-09-17 20:06:36,学历不限,技工/操作工,1年以下,辽宁速达出入境服务有限公司,15K-20K,菏泽,五险一金全勤奖包吃包住房补
澳洲/电焊工/油漆工/叉车工/搬运工/司机/厨师/保姆/木工/瓦工,其它,100-499人,2019-09-17 20:06:36,学历不限,技工/操作工,1年以下,辽宁速达出入境服务有限公司,15K-20K,运城,五险一金全勤奖包吃包住房补
新西兰/铲车司机/保姆/钢筋工/木工/瓦工/电焊工/电工/厨师/漆工,其它,100-499人,2019-09-17 20:17:09,学历不限,技工/操作工,1年以下,辽宁速达出入境服务有限公司,15K-20K,绥化,五险一金全勤奖包吃包住房补
澳洲/电焊工/油漆工/叉车工/搬运工/司机/厨师/保姆/木工/瓦工,其它,100-499人,2019-09-17 20:06:36,学历不限,技工/操作工,1年以下,辽宁速达出入境服务有限公司,15K-20K,遵化,五险一金全勤奖包吃包住房补
新西兰/铲车司机/保姆/钢筋工/木工/瓦工/电焊工/电工/厨师/漆工,其它,100-499人,2019-09-17 20:17:09,学历不限,技工/操作工,1年以下,辽宁速达出入境服务有限公司,15K-20K,包头,五险一金全勤奖包吃包住房补
澳洲/电焊工/油漆工/叉车工/搬运工/司机/厨师/保姆/木工/瓦工,其它,100-499人,2019-09-17 20:06:36,学历不限,技工/操作工,1年以下,辽宁速达出入境服务有限公司,15K-20K,威海,五险一金全勤奖包吃包住房补
保姆,股份制企业,1000-9999人,2019-09-19 08:28:33,学历不限,社区/居民/家政服务,不限,易事特集团股份有限公司,4.5K-5K,东莞,五险一金全勤奖节日福利
新西兰/铲车司机/保姆/钢筋工/木工/瓦工/电焊工/电工/厨师/漆工,其它,100-499人,2019-09-17 20:17:09,学历不限,技工/操作工,1年以下,辽宁速达出入境服务有限公司,15K-20K,通辽,五险一金全勤奖包吃包住房补
澳洲/电焊工/油漆工/叉车工/搬运工/司机/厨师/保姆/木工/瓦工,其它,100-499人,2019-09-17 20:06:36,学历不限,技工/操作工,1年以下,辽宁速达出入境服务有限公司,15K-20K,安庆,五险一金全勤奖包吃包住房补
新西兰/铲车司机/保姆/钢筋工/木工/瓦工/电焊工/电工/厨师/漆工,其它,100-499人,2019-09-17 20:17:09,学历不限,技工/操作工,1年以下,辽宁速达出入境服务有限公司,15K-20K,大庆,五险一金全勤奖包吃包住房补
澳洲/电焊工/油漆工/叉车工/搬运工/司机/厨师/保姆/木工/瓦工,其它,100-499人,2019-09-17 20:06:36,学历不限,技工/操作工,1年以下,辽宁速达出入境服务有限公司,15K-20K,青岛,五险一金全勤奖包吃包住房补
保姆,民营,100-499人,2019-09-20 10:57:52,学历不限,社区/居民/家政服务,5-10年,承德博堃建设集团有限公司,2K-4K,承德,
新西兰/铲车司机/保姆/钢筋工/木工/瓦工/电焊工/电工/厨师/漆工,其它,100-499人,2019-09-17 20:17:09,学历不限,技工/操作工,1年以下,辽宁速达出入境服务有限公司,15K-20K,信阳,五险一金全勤奖包吃包住房补
澳洲/电焊工/油漆工/叉车工/搬运工/司机/厨师/保姆/木工/瓦工,其它,100-499人,2019-09-17 20:06:36,学历不限,技工/操作工,1年以下,辽宁速达出入境服务有限公司,15K-20K,聊城,五险一金全勤奖包吃包住房补
新西兰/铲车司机/保姆/钢筋工/木工/瓦工/电焊工/电工/厨师/漆工,其它,100-499人,2019-09-17 20:17:09,学历不限,技工/操作工,1年以下,辽宁速达出入境服务有限公司,15K-20K,庆阳,五险一金全勤奖包吃包住房补
澳洲/电焊工/油漆工/叉车工/搬运工/司机/厨师/保姆/木工/瓦工,其它,100-499人,2019-09-17 20:06:36,学历不限,技工/操作工,1年以下,辽宁速达出入境服务有限公司,15K-20K,淄博,五险一金全勤奖包吃包住房补
新西兰/铲车司机/保姆/钢筋工/木工/瓦工/电焊工/电工/厨师/漆工,其它,100-499人,2019-09-17 20:17:09,学历不限,技工/操作工,1年以下,辽宁速达出入境服务有限公司,15K-20K,焦作,五险一金全勤奖包吃包住房补
保姆,医院,20人以下,2019-09-20 19:10:56,硕士,社区/居民/家政服务,10年以上,测试9501,1K以下,阿勒泰,
住家保姆,民营,20-99人,2019-09-11 16:29:00,学历不限,社区/居民/家政服务,1-3年,深圳市中洲石油化工有限公司,6K-8K,深圳-龙华新区,年底双薪全勤奖包吃不加班
会做饭的保姆,民营,500-999人,2019-09-05 14:07:42,高中,社区/居民/家政服务,3-5年,北京天舟通信有限公司,4K-6K,北京,五险一金餐补通讯补助带薪年假弹性工作
外遣项目年薪50万雇主直聘安保/家政/保姆出国人员,民营,20-99人,2019-09-16 10:13:50,学历不限,社区/居民/家政服务,不限,天津正华达建筑劳务有限公司,30K-50K,西安,包吃包住加班补助年底双薪带薪年假
一万八起急聘高端家政涉外保姆,股份制企业,20-99人,2019-09-06 14:08:29,大专,社区/居民/家政服务,不限,维佳（北京）家政服务有限公司,15K-20K,北京,包住节日福利年底双薪绩效奖金全勤奖
招聘兼职钟点工保姆/有无经验都可,民营,100-499人,2019-09-17 18:07:48,学历不限,社区/居民/家政服务,不限,深圳市家贝贝母婴护理培训有限公司,4.5K-5.5K,揭阳,五险一金绩效奖金餐补包住包吃
外遣项目年薪50万雇主直聘安保/家政/保姆出国人员,民营,20-99人,2019-09-16 10:11:34,学历不限,社区/居民/家政服务,不限,天津正华达建筑劳务有限公司,30K-50K,长沙,包吃包住加班补助年底双薪带薪年假
外遣项目年薪50万雇主直聘安保/家政/保姆出国人员,民营,20-99人,2019-09-16 10:13:00,学历不限,社区/居民/家政服务,不限,天津正华达建筑劳务有限公司,30K-50K,合肥,包吃包住加班补助年底双薪带薪年假
急招保姆待遇好,民营,20-99人,2019-09-10 14:52:33,学历不限,社区/居民/家政服务,不限,沈阳荣林科技发展有限公司,2K-4K,沈阳,年终分红五险周末双休免费班车免费停车
厨房钟点工、保姆.月嫂有无经验均可,民营,100-499人,2019-09-14 17:12:53,学历不限,社区/居民/家政服务,不限,帝赫尼家居(深圳)有限公司,4.5K-6K,深圳,五险一金包吃包住全勤奖弹性工作
急聘外派外国家政保姆单,股份制企业,20-99人,2019-09-09 13:27:21,学历不限,社区/居民/家政服务,不限,维佳（北京）家政服务有限公司,100K-150K,北京,包住节日福利年底双薪绩效奖金全勤奖
育儿月嫂/育儿保姆（朝九晚六-双休，工作轻松，环境优雅舒适）,外商独资,500-999人,2019-09-11 00:50:42,学历不限,社区/居民/家政服务,1-3年,广东省瑞一科技有限公司,4K-6K,深圳,定期体检不加班周末双休五险一金
外遣项目年薪50万雇主直聘安保/家政/保姆出国人员,民营,20-99人,2019-09-16 10:12:34,学历不限,社区/居民/家政服务,不限,天津正华达建筑劳务有限公司,30K-50K,深圳,包吃包住加班补助年底双薪带薪年假
外遣项目年薪50万雇主直聘司机/安保/家政/保姆出国人员,民营,20-99人,2019-09-16 10:12:31,学历不限,社区/居民/家政服务,不限,天津正华达建筑劳务有限公司,30K-50K,贵阳,包吃包住加班补助年底双薪带薪年假
别墅8千起急招住家保姆带小孩照顾老人,民营,不限,2019-09-15 11:18:47,学历不限,社区/居民/家政服务,不限,深圳市深爱天使家政服务有限责任公司,6K-8K,深圳,包吃包住加班补助餐补房补
直招有无经验保姆/护工/育婴月嫂月薪过万,民营,100-499人,2019-09-10 21:58:21,学历不限,社区/居民/家政服务,不限,深圳市英港多多家政服务有限公司,6K-12K,深圳,五险一金加班补助带薪年假包住包吃
带小孩照顾老人住家保姆8千包吃住月结,民营,不限,2019-09-15 11:17:09,学历不限,社区/居民/家政服务,不限,深圳市深爱天使家政服务有限责任公司,8K-10K,深圳,包吃包住加班补助餐补房补
转行就做高薪保姆带小孩照顾老人月薪过万不是梦,民营,不限,2019-09-15 11:18:38,学历不限,社区/居民/家政服务,不限,深圳市深爱天使家政服务有限责任公司,8K-10K,深圳,包吃包住加班补助餐补房补
家政保姆/高新/单休/管吃住,民营,100-499人,2019-09-20 13:52:36,学历不限,社区/居民/家政服务,1-3年,陕西永兴实业发展有限责任公司,2.8K-3.5K,西安,包吃包住节日福利
高薪保姆经济独立月入过万绽放魅力,民营,不限,2019-09-15 11:18:07,学历不限,社区/居民/家政服务,不限,深圳市深爱天使家政服务有限责任公司,8K-10K,深圳,包吃包住加班补助餐补房补
家庭保姆,股份制企业,20-99人,2019-09-15 14:25:49,高中,社区/居民/家政服务,1-3年,深圳家宁智能管家服务有限公司,4K-6K,深圳,五险一金年底双薪绩效奖金加班补助年终分红
招聘保姆会做面食,民营,100-499人,2019-09-17 16:07:13,学历不限,社区/居民/家政服务,1-3年,北京三保咨询服务有限责任公司,6K-8K,北京,包吃包住
急急急，南城招住家保姆接送小孩,其它,不限,2019-09-05 14:29:56,学历不限,社区/居民/家政服务,不限,东莞市康乃馨家庭服务有限公司,6K-8K,东莞,年底双薪绩效奖金包吃包住全勤奖
保姆家政,民营,100-499人,2019-09-15 09:18:32,学历不限,社区/居民/家政服务,3-5年,河北鑫拓房地产开发有限公司,4K-6K,石家庄,绩效奖金加班补助全勤奖包吃餐补
8千高薪急招有无经验保姆/护工/月嫂/育婴/老人护/催乳小儿推拿,民营,100-499人,2019-09-13 16:40:22,学历不限,社区/居民/家政服务,不限,深圳市英港多多家政服务有限公司,8K-15K,茂名-信宜市,年底双薪包住包吃带薪年假加班补助
外遣项目年薪50万雇主直聘司机/安保/家政/保姆出国人员,民营,20-99人,2019-09-16 10:14:09,学历不限,社区/居民/家政服务,不限,天津正华达建筑劳务有限公司,30K-50K,武汉,包吃包住加班补助年底双薪带薪年假
保姆,民营,100-499人,2019-09-19 15:02:26,大专,社区/居民/家政服务,1-3年,北京京九品科技有限公司,4K-6K,北京,
保姆,民营,20-99人,2019-09-12 16:51:07,中专,社区/居民/家政服务,3-5年,辽宁中瑞医药开发有限公司,4K-6K,沈阳,
保姆家政,民营,100-499人,2019-09-18 15:40:54,学历不限,社区/居民/家政服务,不限,河南禾胜合食品有限公司,3.5K-6K,郑州-郑东新区 ,节日福利包吃包住弹性工作
外遣项目年薪50万雇主直聘安保/家政/保姆出国人员,民营,20-99人,2019-09-16 10:13:36,学历不限,社区/居民/家政服务,不限,天津正华达建筑劳务有限公司,30K-50K,石家庄,包吃包住加班补助年底双薪带薪年假
保姆,股份制企业,100-499人,2019-09-17 08:56:17,学历不限,社区/居民/家政服务,不限,鑫霖投资集团有限公司,2K-4K,郑州-管城区,包吃包住
招生熟手月嫂育婴师保姆,民营,100-499人,2019-09-06 16:59:37,学历不限,社区/居民/家政服务,不限,深圳市家贝贝母婴护理培训有限公司,6K-8K,深圳,包吃包住
沙井招有无经验保姆,民营,20-99人,2019-09-12 23:10:10,学历不限,社区/居民/家政服务,不限,深圳市田馨家政服务有限公司,6K-8K,深圳,包吃包住不加班五险一金
外企急招保姆/保洁员/月嫂,其它,100-499人,2019-09-11 16:48:47,学历不限,社区/居民/家政服务,不限,郑州沙鸥文化传媒有限公司,30K-50K,青岛-莱西市,带薪年假包吃包住
直招有无经验保姆护工育婴月嫂月薪过万,民营,100-499人,2019-09-10 23:26:25,学历不限,社区/居民/家政服务,不限,深圳市英港多多家政服务有限公司,8K-15K,深圳,五险一金加班补助带薪年假包住包吃
保姆,民营,20人以下,2019-09-14 16:38:06,学历不限,社区/居民/家政服务,不限,湖南巨力液压有限公司,2K-4K,长沙,节日福利包吃
带小孩照顾老人保姆包吃住工资8千,民营,不限,2019-09-15 11:17:50,学历不限,社区/居民/家政服务,不限,深圳市深爱天使家政服务有限责任公司,8K-10K,深圳,包吃包住加班补助餐补房补
招聘保姆、保洁、钟点工,民营,100-499人,2019-09-13 11:19:03,学历不限,社区/居民/家政服务,不限,沈阳市菠萝家政服务有限公司,3.5K-5.5K,沈阳-铁西区,
急聘外派美国家政保姆单,股份制企业,20-99人,2019-09-05 14:42:28,学历不限,社区/居民/家政服务,不限,维佳（北京）家政服务有限公司,100K-150K,北京,包住节日福利加班补助包吃
月嫂育儿嫂保姆,民营,20-99人,2019-09-15 18:01:12,高中,社区/居民/家政服务,1-3年,成都英联管理顾问有限公司,10K-15K,成都-武侯区,年底双薪
保姆,合资,20-99人,2019-09-15 16:34:04,学历不限,社区/居民/家政服务,1-3年,北京光彩芯芯商贸有限公司,4K-6K,北京-门头沟区,
高薪急聘住家保姆带小孩照顾老人,民营,不限,2019-09-15 11:18:27,学历不限,社区/居民/家政服务,不限,深圳市深爱天使家政服务有限责任公司,8K-10K,深圳,包吃包住加班补助餐补房补
高级保姆/月嫂 （湛江上班  不用住家）,民营,20-99人,2019-09-16 09:38:22,大专,社区/居民/家政服务,3-5年,深圳智网酷联科技有限公司,8K-10K,湛江,包吃
保姆阿姨,民营,20人以下,2019-09-02 14:05:28,中专,社区/居民/家政服务,3-5年,哈尔滨市超宏包装有限公司,3K-4K,哈尔滨,
保姆,民营,20人以下,2019-09-06 16:46:35,学历不限,行政/后勤/文秘,3-5年,西安市莲湖区星宝上学康复中心,2K-4K,西安,包吃包住无试用期
学校保姆,民营,20人以下,2019-09-09 16:38:16,学历不限,社区/居民/家政服务,1-3年,天津市乐尚学教育信息咨询有限公司,2.5K-3K,天津-南开区,全勤奖弹性工作包吃高温补贴节日福利
无经验学习10天做家政保姆工资6千包吃住月结,民营,不限,2019-09-15 11:17:39,学历不限,社区/居民/家政服务,不限,深圳市深爱天使家政服务有限责任公司,8K-10K,深圳,包吃包住加班补助餐补房补
保姆招聘，,民营,20-99人,2019-09-06 22:26:12,学历不限,社区/居民/家政服务,不限,北京鑫荣联创商贸有限公司,3K-4K,北京,包吃包住年终分红工作居住证全勤奖
保姆保洁,民营,20-99人,2019-09-16 15:10:21,学历不限,社区/居民/家政服务,不限,重庆旅悦芳国际旅行社有限公司,2K-4K,重庆,包吃试用期全额绩效奖金节日福利
公司急招清洁工/保姆/推拿师/针灸师,股份制企业,100-499人,2019-09-11 15:29:53,高中,医院/医疗/护理,不限,杭州聚久人力资源服务有限公司,20K-30K,重庆,带薪年假加班补助交通补助包吃包住
保姆,民营,100-499人,2019-09-17 14:02:06,学历不限,社区/居民/家政服务,3-5年,山西宝力金属原料集团有限公司,3K-4K,太原,包住包吃
保姆,股份制企业,20-99人,2019-09-05 16:59:21,学历不限,社区/居民/家政服务,不限,广东国利招标代理有限公司,4K-6K,广州,带薪年假节日福利定期体检包吃包住
保姆,民营,100-499人,2019-09-18 11:35:49,高中,社区/居民/家政服务,1年以下,吉林省瑞隆经贸有限公司（瑞隆表业）,3K-4K,长春,
住家保姆,民营,100-499人,2019-09-10 15:16:27,学历不限,社区/居民/家政服务,不限,湖南天泽置业有限公司,3K-4K,长沙-雨花区,节日福利包住包吃
高级保姆,民营,20-99人,2019-09-16 08:47:50,本科,社区/居民/家政服务,1-3年,汉林院投资有限公司,10K-12K,北京,
招保姆家政员/无经验也可以,民营,20-99人,2019-09-10 10:02:11,学历不限,社区/居民/家政服务,无经验,深圳市家贝贝家政服务有限公司,4K-6K,深圳-宝安区,节日福利包吃住房补贴交通补助餐补
家庭保姆,民营,20-99人,2019-09-05 11:30:51,学历不限,社区/居民/家政服务,不限,陕西一齐实业有限公司,5K-6.5K,西安,五险一金交通补助不加班节日福利包住
前台兼司机兼住家保姆,民营,100-499人,2019-09-19 16:54:27,大专,行政/后勤/文秘,3-5年,湖南天邦投资集团有限公司,6K-7K,长沙-雨花区,带薪年假节日福利餐补绩效奖金周末双休
急招，月嫂，育婴师，产后康复，保姆，钟点工,民营,100-499人,2019-09-19 14:36:21,学历不限,社区/居民/家政服务,不限,深圳市家贝贝母婴护理培训有限公司,6K-8K,深圳,包住
急招，月嫂，育婴师，产后康复，保姆，钟点工,民营,100-499人,2019-09-19 14:36:21,学历不限,社区/居民/家政服务,不限,深圳市家贝贝母婴护理培训有限公司,6K-8K,深圳,包住
工厂转行就做育婴师保姆包吃住工资高,民营,不限,2019-09-15 11:17:27,学历不限,社区/居民/家政服务,不限,深圳市深爱天使家政服务有限责任公司,8K-10K,深圳,包吃包住加班补助餐补房补
上市公司老总聘请住家保姆,民营,不限,2019-09-18 08:34:27,大专,社区/居民/家政服务,不限,深圳市深爱天使家政服务有限责任公司,10K-15K,深圳,包吃包住餐补加班补助弹性工作
招聘育儿阿姨/专职带娃/带娃保姆（双休，朝九晚六，龙岗中心城）,外商独资,500-999人,2019-09-05 06:37:50,学历不限,社区/居民/家政服务,不限,广东省瑞一科技有限公司,4K-5K,深圳,五险一金不加班周末双休
家政保姆（龙岗上班）,民营,100-499人,2019-09-19 10:32:21,学历不限,行政/后勤/文秘,不限,东莞市飞鹏包装材料有限公司,4K-6K,深圳,五险一金绩效奖金带薪年假全勤奖包吃
招保姆家政员/无经验也可以,民营,20-99人,2019-09-15 14:22:31,学历不限,其他,无经验,深圳市家贝贝家政服务有限公司,4.5K-6K,深圳,
急招保姆5500立即上岗包食宿/有无经验都可,民营,20-99人,2019-09-10 10:02:13,学历不限,其他,无经验,深圳市家贝贝家政服务有限公司,5K-7.5K,深圳,
招聘保姆，保洁员，钟点工若干名，包吃住统一培训持证上岗免中介,民营,20-99人,2019-09-17 14:17:04,学历不限,社区/居民/家政服务,不限,北京华医养老服务有限公司,4K-6K,北京,五险一金绩效奖金包吃包住年终分红
包吃住招保姆，钟点工，家政服务人员,民营,20-99人,2019-09-17 14:17:18,高中,社区/居民/家政服务,不限,北京华医养老服务有限公司,4K-6K,北京,五险一金绩效奖金包吃包住年终分红
保姆,民营,100-499人,2019-09-16 13:56:17,学历不限,社区/居民/家政服务,不限,烟台市绿美装饰工程有限公司,4K-6K,烟台-蓬莱市,绩效奖金交通补助包吃包住全勤奖
6k起招保姆月嫂无经验可培训,民营,100-499人,2019-09-14 18:11:40,学历不限,社区/居民/家政服务,不限,帝赫尼家居(深圳)有限公司,5K-10K,深圳,五险一金包吃包住全勤奖弹性工作
保姆,民营,20-99人,2019-09-12 07:10:46,学历不限,烹饪/料理/食品研发,1-3年,山西安亿源环保科技有限公司,3K-4K,太原,弹性工作定期体检无试用期
外遣项目年薪50万雇主直聘安保/家政/保姆出国人员,民营,20-99人,2019-09-19 16:29:18,学历不限,社区/居民/家政服务,不限,成都钰衡科技有限公司,30K-50K,上海,包吃包住年底双薪全勤奖补充医疗保险
外遣项目年薪50万雇主直聘安保/家政/保姆出国人员,合资,100-499人,2019-09-17 12:41:21,学历不限,社区/居民/家政服务,不限,成都泰晤士教育咨询有限公司,30K-50K,合肥,全勤奖包吃包住带薪年假每年多次调薪
高薪诚聘保姆,其它,100-499人,2019-09-18 16:44:57,学历不限,社区/居民/家政服务,不限,东莞市聚汇溢佰教育信息咨询有限公司,20K-30K,哈尔滨-道里区,五险一金年底双薪绩效奖金年终分红加班补助
外遣项目年薪50万雇主直聘安保/家政/保姆出国人员,民营,100-499人,2019-09-12 15:15:20,学历不限,社区/居民/家政服务,不限,重庆汇博嘉福广告传媒有限公司,30K-50K,武汉,全勤奖包吃包住交通补助加班补助
保姆,民营,100-499人,2019-09-19 09:55:51,学历不限,社区/居民/家政服务,1-3年,漳州市唯尊贸易有限公司,2.5K-3K,漳州-芗城区,周末单休
保姆,合资,20-99人,2019-09-17 11:11:18,学历不限,社区/居民/家政服务,1-3年,合肥中力工程机械有限公司,2K-4K,合肥,无试用期高温补贴节日福利不加班包吃
外遣项目年薪50万雇主直聘安保/家政/保姆出国人员,民营,100-499人,2019-09-12 15:32:20,学历不限,社区/居民/家政服务,不限,重庆汇博嘉福广告传媒有限公司,30K-50K,沈阳,全勤奖包吃包住交通补助加班补助
外企急招保姆/保洁员/月嫂,其它,100-499人,2019-09-11 16:48:47,学历不限,社区/居民/家政服务,不限,郑州沙鸥文化传媒有限公司,30K-50K,淄博,带薪年假包吃包住
外遣项目年薪50万雇主直聘安保/家政/保姆出国人员,民营,100-499人,2019-09-12 16:00:52,学历不限,社区/居民/家政服务,不限,重庆汇博嘉福广告传媒有限公司,30K-50K,哈尔滨,全勤奖包吃包住交通补助加班补助
外遣项目年薪50万雇主直聘安保/家政/保姆出国人员,民营,20-99人,2019-09-12 14:50:22,学历不限,教育/培训,不限,成都蜀友企业管理有限公司,30K-50K,沈阳,包吃包住带薪年假工作居住证周末双休
外遣项目年薪50万雇主直聘安保/家政/保姆出国人员,合资,100-499人,2019-09-17 11:04:30,学历不限,社区/居民/家政服务,不限,成都泰晤士教育咨询有限公司,30K-50K,北京,全勤奖包吃包住带薪年假每年多次调薪
保姆,民营,20-99人,2019-09-18 16:31:15,学历不限,社区/居民/家政服务,不限,深圳新金领教育咨询有限公司,8K-10K,梧州,包吃包住加班补助员工旅游节日福利
沙井招无经验月嫂保姆,民营,20-99人,2019-09-12 23:10:14,学历不限,社区/居民/家政服务,无经验,深圳市田馨家政服务有限公司,6K-8K,深圳,包吃包住不加班
外遣项目年薪50万雇主直聘安保/家政/保姆出国人员,民营,100-499人,2019-09-12 15:36:36,学历不限,社区/居民/家政服务,不限,重庆汇博嘉福广告传媒有限公司,30K-50K,长春,全勤奖包吃包住交通补助加班补助
外企急招保姆/保洁员/月嫂,其它,100-499人,2019-09-11 16:48:47,学历不限,社区/居民/家政服务,不限,郑州沙鸥文化传媒有限公司,30K-50K,济宁,带薪年假包吃包住
高薪诚聘保姆（会开车）,民营,100-499人,2019-09-17 13:52:09,学历不限,志愿者/社会工作者,不限,必圈信息技术(湖北)有限公司,5K-6K,武汉,
保姆,民营,20-99人,2019-09-18 16:49:28,学历不限,社区/居民/家政服务,不限,深圳新金领教育咨询有限公司,8K-10K,防城港,包吃包住加班补助员工旅游节日福利
外遣项目年薪50万雇主直聘安保/家政/保姆出国人员,民营,20-99人,2019-09-19 16:07:51,学历不限,社区/居民/家政服务,不限,成都钰衡科技有限公司,30K-50K,合肥,包吃包住年底双薪全勤奖补充医疗保险
招保姆钟点工,民营,100-499人,2019-09-16 16:47:01,学历不限,社区/居民/家政服务,不限,深圳市家贝贝母婴护理培训有限公司,6K-8K,深圳,包吃包住
外遣项目年薪50万雇主直聘安保/家政/保姆出国人员,民营,100-499人,2019-09-12 15:43:46,学历不限,社区/居民/家政服务,不限,重庆汇博嘉福广告传媒有限公司,30K-50K,杭州,全勤奖包吃包住交通补助加班补助
外遣项目年薪50万雇主直聘安保/家政/保姆出国人员,民营,100-499人,2019-09-12 15:01:40,学历不限,社区/居民/家政服务,不限,重庆汇博嘉福广告传媒有限公司,20K-30K,上海,全勤奖包吃包住交通补助加班补助
外企急招保姆/保洁员/月嫂,其它,100-499人,2019-09-11 16:48:47,学历不限,社区/居民/家政服务,不限,郑州沙鸥文化传媒有限公司,30K-50K,济南-天桥区,带薪年假包吃包住
外企急招保姆、保洁员,其它,100-499人,2019-09-11 16:39:53,学历不限,社区/居民/家政服务,不限,郑州沙鸥文化传媒有限公司,30K-50K,白山-浑江区,带薪年假包吃包住
外遣项目年薪50万雇主直聘安保/家政/保姆出国人员,民营,20-99人,2019-09-19 15:53:16,学历不限,社区/居民/家政服务,不限,成都钰衡科技有限公司,30K-50K,贵阳,包吃包住年底双薪全勤奖补充医疗保险
外企急招保姆、保洁员,其它,100-499人,2019-09-11 16:39:53,学历不限,社区/居民/家政服务,不限,郑州沙鸥文化传媒有限公司,30K-50K,延边-延吉市,带薪年假包吃包住
保姆,民营,20-99人,2019-09-18 16:48:24,学历不限,社区/居民/家政服务,不限,深圳新金领教育咨询有限公司,8K-10K,崇左,包吃包住加班补助员工旅游节日福利
外企急招保姆、保洁员,其它,100-499人,2019-09-11 16:39:53,学历不限,社区/居民/家政服务,不限,郑州沙鸥文化传媒有限公司,30K-50K,白城-洮北区,带薪年假包吃包住
外遣项目年薪50万雇主直聘安保/家政/保姆出国人员,民营,20-99人,2019-09-12 14:55:42,学历不限,教育/培训,不限,成都蜀友企业管理有限公司,30K-50K,杭州,包吃包住带薪年假工作居住证周末双休
外企急招保姆/保洁员/月嫂,其它,100-499人,2019-09-11 16:48:47,学历不限,社区/居民/家政服务,不限,郑州沙鸥文化传媒有限公司,30K-50K,济南-槐荫区,带薪年假包吃包住
急招保姆有无经验都可5000以上工资,民营,100-499人,2019-09-17 18:08:05,学历不限,社区/居民/家政服务,不限,深圳市家贝贝母婴护理培训有限公司,6K-8K,广州,五险一金包吃定期体检包住
澳門某家庭保姆,外商独资,20人以下,2019-09-20 10:15:41,学历不限,社区/居民/家政服务,不限,珠海市澳枫恒信息咨询有限公司,8K-10K,珠海,
家政保姆,民营,100-499人,2019-09-11 15:44:19,学历不限,社区/居民/家政服务,不限,大庆儒商古道珠宝有限公司,2K-4K,大庆-让胡路区,
保姆家政,民营,20-99人,2019-09-03 16:56:43,学历不限,社区/居民/家政服务,不限,烟台仁成艾灸生物科技有限公司,1K-2K,烟台,节日福利定期团建弹性工作
保姆（包吃住）,民营,100-499人,2019-09-17 17:10:54,学历不限,社区/居民/家政服务,不限,深圳市家贝贝母婴护理培训有限公司,4K-6K,江门,包吃包住定期体检加班补助餐补
外遣项目年薪50万雇主直聘安保/家政/保姆出国人员,民营,20-99人,2019-09-19 16:04:26,学历不限,社区/居民/家政服务,不限,成都钰衡科技有限公司,30K-50K,石家庄,包吃包住年底双薪全勤奖补充医疗保险
外遣项目年薪50万雇主直聘安保/家政/保姆出国人员,合资,100-499人,2019-09-17 11:29:29,学历不限,社区/居民/家政服务,不限,成都泰晤士教育咨询有限公司,30K-50K,太原,全勤奖包吃包住带薪年假每年多次调薪
外遣项目年薪50万雇主直聘安保/家政/保姆出国人员,合资,100-499人,2019-09-17 12:38:20,学历不限,社区/居民/家政服务,不限,成都泰晤士教育咨询有限公司,30K-50K,杭州,全勤奖包吃包住带薪年假每年多次调薪
外遣项目年薪50万雇主直聘安保/家政/保姆出国人员,民营,20-99人,2019-09-19 16:13:31,学历不限,社区/居民/家政服务,不限,成都钰衡科技有限公司,30K-50K,济南,包吃包住年底双薪全勤奖补充医疗保险
外企急招保姆/保洁员/月嫂,其它,100-499人,2019-09-11 16:48:47,学历不限,社区/居民/家政服务,不限,郑州沙鸥文化传媒有限公司,30K-50K,滨州,带薪年假包吃包住
保姆,股份制企业,不限,2019-09-18 08:41:37,学历不限,社区/居民/家政服务,3-5年,秦皇岛市团结物业服务有限公司,2K-4K,秦皇岛,
保姆,社会团体,不限,2019-09-19 21:52:08,学历不限,社区/居民/家政服务,不限,建华区佰思特教育咨询中心,2K-3K,齐齐哈尔,年底双薪绩效奖金年终分红加班补助全勤奖
急需吃住家务/专收拾家保姆3000-5000,股份制企业,20-99人,2019-09-20 11:43:08,学历不限,社区/居民/家政服务,不限,大连市好大姐职业介绍所西岗分所,4K-6K,大连,包住包吃
招聘保姆,股份制企业,100-499人,2019-09-12 09:41:51,学历不限,社区/居民/家政服务,不限,广东顺德淘力网络科技有限公司,4K-7K,佛山-顺德区,五险一金绩效奖金带薪年假节日福利员工旅游
高薪聘一对一保姆,其它,不限,2019-09-10 15:36:27,学历不限,社区/居民/家政服务,不限,东莞市康乃馨家庭服务有限公司,6K-8K,东莞,包住包吃
保姆,民营,20-99人,2019-09-18 16:36:11,学历不限,社区/居民/家政服务,不限,深圳新金领教育咨询有限公司,8K-10K,贵港,包吃包住加班补助员工旅游节日福利
聘育婴师保姆,其它,不限,2019-09-14 13:29:39,学历不限,社区/居民/家政服务,不限,东莞市康乃馨家庭服务有限公司,8K-12K,东莞,包住包吃
6千以上大量招保姆护工,其它,不限,2019-09-05 18:03:31,学历不限,社区/居民/家政服务,不限,东莞市康乃馨家庭服务有限公司,6K-8K,东莞,餐补包住包吃全勤奖年底双薪
公司急招清洁工/保姆/推拿师/针灸师,股份制企业,100-499人,2019-09-11 15:29:53,高中,医院/医疗/护理,不限,杭州聚久人力资源服务有限公司,20K-30K,新乡-辉县市,带薪年假加班补助交通补助包吃包住
保姆,民营,20-99人,2019-09-18 16:53:24,学历不限,社区/居民/家政服务,不限,深圳新金领教育咨询有限公司,8K-10K,北海,包吃包住加班补助员工旅游节日福利
保姆（半天）,民营,不限,2019-09-03 16:40:26,学历不限,行政/后勤/文秘,不限,合肥千帆医药科技咨询有限公司,1.6K-2K,合肥-蜀山区,周末双休
家政保姆,其它,20-99人,2019-09-09 13:54:01,学历不限,社区/居民/家政服务,不限,大连海立科技有限公司,2K-4K,大连-高新园区,五险一金
外遣项目年薪50万雇主直聘安保/家政/保姆出国人员,民营,20-99人,2019-09-19 16:10:57,学历不限,社区/居民/家政服务,不限,成都钰衡科技有限公司,30K-50K,杭州,包吃包住年底双薪全勤奖补充医疗保险
月嫂保姆,民营,不限,2019-09-13 19:07:47,学历不限,社区/居民/家政服务,不限,深圳市深爱天使家政服务有限责任公司,8K-16K,深圳,包吃包住节日福利加班补助
外遣项目年薪50万雇主直聘安保/家政/保姆出国人员,民营,20-99人,2019-09-12 14:51:43,学历不限,教育/培训,不限,成都蜀友企业管理有限公司,30K-50K,长春,包吃包住带薪年假工作居住证周末双休
外企急招保姆/保洁员/月嫂,其它,100-499人,2019-09-11 16:48:47,学历不限,社区/居民/家政服务,不限,郑州沙鸥文化传媒有限公司,30K-50K,济南-长清区,带薪年假包吃包住
外遣项目年薪50万雇主直聘安保/家政/保姆出国人员,民营,20-99人,2019-09-12 14:54:00,学历不限,教育/培训,不限,成都蜀友企业管理有限公司,30K-50K,济南,包吃包住带薪年假工作居住证周末双休
6000/月招聘保姆包吃住马上上岗,民营,100-499人,2019-09-17 10:22:10,学历不限,社区/居民/家政服务,不限,深圳市家贝贝母婴护理培训有限公司,6K-8K,深圳,包吃包住
保姆家政,民营,20-99人,2019-09-10 10:17:22,学历不限,社区/居民/家政服务,5-10年,深圳市福正清和实业有限公司,6K-8K,深圳-宝安区,包吃加班补助包住五险一金通讯补助
6000急招保姆钟点工一批,民营,100-499人,2019-09-16 16:43:43,学历不限,社区/居民/家政服务,不限,深圳市家贝贝母婴护理培训有限公司,6K-8K,深圳,包吃包住
月嫂保姆,民营,不限,2019-09-14 15:04:09,学历不限,社区/居民/家政服务,不限,深圳市深爱天使家政服务有限责任公司,8K-16K,深圳,包吃包住年底双薪带薪年假
保姆,民营,20-99人,2019-09-11 07:46:31,学历不限,医院/医疗/护理,不限,大连华泰泽药业有限公司,2K-4K,大连-甘井子区,
外遣项目年薪50万雇主直聘安保/家政/保姆出国人员,民营,20-99人,2019-09-19 16:20:49,学历不限,社区/居民/家政服务,不限,成都钰衡科技有限公司,30K-50K,大连,包吃包住年底双薪全勤奖补充医疗保险
外企急招保姆/保洁员/月嫂,其它,100-499人,2019-09-11 16:53:02,学历不限,社区/居民/家政服务,不限,郑州沙鸥文化传媒有限公司,30K-50K,嘉兴-南湖区,带薪年假包吃包住
外遣项目年薪50万雇主直聘安保/家政/保姆出国人员,民营,20-99人,2019-09-19 16:23:55,学历不限,社区/居民/家政服务,不限,成都钰衡科技有限公司,30K-50K,西安,包吃包住年底双薪全勤奖补充医疗保险
驻外（家政/保姆）,民营,1000-9999人,2019-09-16 14:45:41,大专,社区/居民/家政服务,3-5年,山西鑫聚源投资控股有限公司,6K-8K,英国,绩效奖金包吃包住餐补通讯补助
外遣项目年薪50万雇主直聘安保/家政/保姆出国人员,民营,20-99人,2019-09-19 16:16:34,学历不限,社区/居民/家政服务,不限,成都钰衡科技有限公司,30K-50K,长春,包吃包住年底双薪全勤奖补充医疗保险
外遣项目年薪50万雇主直聘安保/家政/保姆出国人员,民营,20-99人,2019-09-19 15:52:33,学历不限,社区/居民/家政服务,不限,成都钰衡科技有限公司,30K-50K,长沙,包吃包住年底双薪全勤奖补充医疗保险
保姆,股份制企业,20-99人,2019-09-17 13:56:51,学历不限,社区/居民/家政服务,3-5年,四川御铁视文化传媒有限公司,3.5K-4.5K,成都,包吃包住
外遣项目年薪50万雇主直聘安保/家政/保姆出国人员,民营,20-99人,2019-09-19 16:02:04,学历不限,社区/居民/家政服务,不限,成都钰衡科技有限公司,30K-50K,太原,包吃包住年底双薪全勤奖补充医疗保险
外遣项目年薪50万雇主直聘安保/家政/保姆出国人员,民营,20-99人,2019-09-19 16:26:33,学历不限,社区/居民/家政服务,不限,成都钰衡科技有限公司,30K-50K,武汉,包吃包住年底双薪全勤奖补充医疗保险
金保姆,民营,100-499人,2019-09-11 12:44:40,学历不限,客服/售前/售后技术支持,3-5年,宁波鄞州宁东乾通建材商行,4K-6K,宁波,五险一金交通补助餐补高温补贴节日福利
招保姆，要爱心阿姨...,民营,20人以下,2019-09-18 10:25:53,学历不限,社区/居民/家政服务,3-5年,简阳市亿才通商务信息咨询有限公司,8K-10K,宜宾-江安县,全勤奖14薪包吃包住
外遣项目年薪50万雇主直聘安保/家政/保姆出国人员,民营,20-99人,2019-09-12 14:48:28,学历不限,教育/培训,不限,成都蜀友企业管理有限公司,30K-50K,西安,包吃包住带薪年假工作居住证周末双休
家庭保姆,民营,20-99人,2019-09-10 16:31:23,学历不限,社区/居民/家政服务,1-3年,河南鑫老包食品有限公司,2K-4K,开封,五险一金
外遣项目年薪50万雇主直聘安保/家政/保姆出国人员,合资,100-499人,2019-09-17 13:24:08,学历不限,社区/居民/家政服务,不限,成都泰晤士教育咨询有限公司,30K-50K,哈尔滨,全勤奖包吃包住带薪年假每年多次调薪
保姆,民营,20-99人,2019-09-18 15:26:55,学历不限,社区/居民/家政服务,不限,惠州市瑞尔泰电子有限公司,2K-4K,惠州,包住包吃
外遣项目年薪50万雇主直聘安保/家政/保姆出国人员,民营,20-99人,2019-09-19 16:34:11,学历不限,社区/居民/家政服务,不限,成都钰衡科技有限公司,30K-50K,北京,包吃包住年底双薪全勤奖补充医疗保险
保姆月嫂保洁人员,民营,20-99人,2019-09-19 11:40:24,高中,社区/居民/家政服务,3-5年,内蒙古优佳养老产业有限责任公司,8K-10K,呼和浩特,节日福利周末双休通讯补助五险一金
外遣项目年薪50万雇主直聘安保/家政/保姆出国人员,民营,100-499人,2019-09-12 16:00:52,学历不限,社区/居民/家政服务,不限,重庆汇博嘉福广告传媒有限公司,30K-50K,哈尔滨,全勤奖包吃包住交通补助加班补助
驻外（家政/保姆）,民营,1000-9999人,2019-09-16 14:45:41,大专,社区/居民/家政服务,3-5年,山西鑫聚源投资控股有限公司,6K-8K,英国,绩效奖金包吃包住餐补通讯补助
家政保姆,其它,20-99人,2019-09-09 13:54:01,学历不限,社区/居民/家政服务,不限,大连海立科技有限公司,2K-4K,大连-高新园区,五险一金
外企急招保姆/保洁员/月嫂,其它,100-499人,2019-09-11 16:48:47,学历不限,社区/居民/家政服务,不限,郑州沙鸥文化传媒有限公司,30K-50K,济南-长清区,带薪年假包吃包住
外遣项目年薪50万雇主直聘安保/家政/保姆出国人员,民营,20-99人,2019-09-12 14:54:00,学历不限,教育/培训,不限,成都蜀友企业管理有限公司,30K-50K,济南,包吃包住带薪年假工作居住证周末双休
外企急招保姆、保洁员,其它,100-499人,2019-09-11 16:39:53,学历不限,社区/居民/家政服务,不限,郑州沙鸥文化传媒有限公司,30K-50K,吉林市-昌邑区,带薪年假包吃包住
保姆（半天）,民营,不限,2019-09-03 16:40:26,学历不限,行政/后勤/文秘,不限,合肥千帆医药科技咨询有限公司,1.6K-2K,合肥-蜀山区,周末双休
保姆,民营,20-99人,2019-09-18 16:53:24,学历不限,社区/居民/家政服务,不限,深圳新金领教育咨询有限公司,8K-10K,北海,包吃包住加班补助员工旅游节日福利
外遣项目年薪50万雇主直聘安保/家政/保姆出国人员,民营,20-99人,2019-09-19 16:10:57,学历不限,社区/居民/家政服务,不限,成都钰衡科技有限公司,30K-50K,杭州,包吃包住年底双薪全勤奖补充医疗保险
月嫂保姆,民营,不限,2019-09-13 19:07:47,学历不限,社区/居民/家政服务,不限,深圳市深爱天使家政服务有限责任公司,8K-16K,深圳,包吃包住节日福利加班补助
专职带娃/带娃保姆/保育员/保育员阿姨（双休，朝九晚六，龙岗恒,外商独资,500-999人,2019-09-05 06:37:19,学历不限,社区/居民/家政服务,不限,广东省瑞一科技有限公司,4K-5K,深圳,五险一金不加班周末双休
高薪诚聘保姆,其它,100-499人,2019-09-18 16:41:07,学历不限,社区/居民/家政服务,不限,东莞市聚汇溢佰教育信息咨询有限公司,20K-30K,沈阳-和平区,五险一金年底双薪绩效奖金年终分红加班补助
包吃住家政服务保姆（数名）,民营,100-499人,2019-09-18 17:17:09,学历不限,社区/居民/家政服务,不限,深圳市金蚂蚁装饰工程有限公司,5.5K-11K,深圳,绩效奖金五险一金定期体检补充医疗保险包住
专职带娃阿姨/带娃保姆/保育员（双休，朝九晚六，龙岗恒裕嘉城）,外商独资,500-999人,2019-09-05 06:37:25,学历不限,社区/居民/家政服务,不限,广东省瑞一科技有限公司,4K-5K,深圳,五险一金不加班周末双休
外遣项目年薪50万雇主直聘安保/家政/保姆出国人员,民营,20-99人,2019-09-12 14:51:43,学历不限,教育/培训,不限,成都蜀友企业管理有限公司,30K-50K,长春,包吃包住带薪年假工作居住证周末双休
保姆家政,民营,20-99人,2019-09-10 10:17:22,学历不限,社区/居民/家政服务,5-10年,深圳市福正清和实业有限公司,6K-8K,深圳-宝安区,包吃加班补助包住五险一金通讯补助
保姆,民营,20-99人,2019-09-11 07:46:31,学历不限,医院/医疗/护理,不限,大连华泰泽药业有限公司,2K-4K,大连-甘井子区,
外企急招保姆/保洁员/月嫂,其它,100-499人,2019-09-11 16:48:47,学历不限,社区/居民/家政服务,不限,郑州沙鸥文化传媒有限公司,30K-50K,烟台,带薪年假包吃包住
6000/月招聘保姆包吃住马上上岗,民营,100-499人,2019-09-17 10:22:10,学历不限,社区/居民/家政服务,不限,深圳市家贝贝母婴护理培训有限公司,6K-8K,深圳,包吃包住
外遣项目年薪50万雇主直聘安保/家政/保姆出国人员,民营,20-99人,2019-09-12 15:07:02,学历不限,教育/培训,不限,成都蜀友企业管理有限公司,30K-50K,贵阳,包吃包住带薪年假工作居住证周末双休
8千急请住家保姆,其它,不限,2019-09-14 19:17:27,学历不限,社区/居民/家政服务,不限,东莞市康乃馨家庭服务有限公司,8K-10K,东莞,餐补包住包吃全勤奖年底双薪
招育婴师月嫂保姆,民营,100-499人,2019-09-06 15:11:19,高中,社区/居民/家政服务,1年以下,深圳市家贝贝母婴护理培训有限公司,8K-10K,深圳,包吃包住
保姆,民营,不限,2019-09-11 04:51:55,学历不限,社区/居民/家政服务,不限,郑州李旗鼎诚果品商贸有限公司,3K-5K,郑州,加班补助绩效奖金全勤奖包吃包住
家庭保姆,合资,100-499人,2019-09-16 11:21:36,中专,社区/居民/家政服务,3-5年,辽宁中新自动控制集团股份有限公司,4K-6K,鞍山,
住家保姆,民营,20-99人,2019-09-03 13:41:59,大专,社区/居民/家政服务,3-5年,中赋投资管理(上海)有限公司,6K-8K,上海,
外企急招保姆/保洁员/月嫂,其它,100-499人,2019-09-11 16:48:47,学历不限,社区/居民/家政服务,不限,郑州沙鸥文化传媒有限公司,30K-50K,德州,带薪年假包吃包住
外企急招保姆、保洁员,其它,100-499人,2019-09-11 16:39:53,学历不限,社区/居民/家政服务,不限,郑州沙鸥文化传媒有限公司,30K-50K,通化-东昌区,带薪年假包吃包住
外遣项目年薪50万雇主直聘安保/家政/保姆出国人员,民营,100-499人,2019-09-12 16:10:10,学历不限,社区/居民/家政服务,不限,重庆汇博嘉福广告传媒有限公司,30K-50K,长沙,全勤奖包吃包住交通补助加班补助
外遣项目年薪50万雇主直聘安保/家政/保姆出国人员,民营,20-99人,2019-09-19 15:59:26,学历不限,社区/居民/家政服务,不限,成都钰衡科技有限公司,30K-50K,哈尔滨,包吃包住年底双薪全勤奖补充医疗保险
金保姆,民营,100-499人,2019-09-11 12:44:40,学历不限,客服/售前/售后技术支持,3-5年,宁波鄞州宁东乾通建材商行,4K-6K,宁波,五险一金交通补助餐补高温补贴节日福利
外遣项目年薪50万雇主直聘安保/家政/保姆出国人员,民营,20-99人,2019-09-19 16:16:34,学历不限,社区/居民/家政服务,不限,成都钰衡科技有限公司,30K-50K,长春,包吃包住年底双薪全勤奖补充医疗保险
外遣项目年薪50万雇主直聘安保/家政/保姆出国人员,民营,20-99人,2019-09-12 14:45:22,学历不限,教育/培训,不限,成都蜀友企业管理有限公司,30K-50K,上海,包吃包住带薪年假工作居住证周末双休
外遣项目年薪50万雇主直聘安保/家政/保姆出国人员,民营,20-99人,2019-09-19 15:53:16,学历不限,社区/居民/家政服务,不限,成都钰衡科技有限公司,30K-50K,贵阳,包吃包住年底双薪全勤奖补充医疗保险
保姆,民营,20-99人,2019-09-18 16:50:16,学历不限,社区/居民/家政服务,不限,深圳新金领教育咨询有限公司,8K-10K,百色,包吃包住加班补助员工旅游节日福利
外企急招保姆、保洁员,其它,100-499人,2019-09-11 16:39:53,学历不限,社区/居民/家政服务,不限,郑州沙鸥文化传媒有限公司,30K-50K,白山-浑江区,带薪年假包吃包住
保姆,股份制企业,20-99人,2019-09-17 13:56:51,学历不限,社区/居民/家政服务,3-5年,四川御铁视文化传媒有限公司,3.5K-4.5K,成都,包吃包住
外遣项目年薪50万雇主直聘安保/家政/保姆出国人员,民营,20-99人,2019-09-19 16:02:04,学历不限,社区/居民/家政服务,不限,成都钰衡科技有限公司,30K-50K,太原,包吃包住年底双薪全勤奖补充医疗保险
外遣项目年薪50万雇主直聘安保/家政/保姆出国人员,民营,20-99人,2019-09-19 15:52:33,学历不限,社区/居民/家政服务,不限,成都钰衡科技有限公司,30K-50K,长沙,包吃包住年底双薪全勤奖补充医疗保险
外遣项目年薪50万雇主直聘安保/家政/保姆出国人员,民营,20-99人,2019-09-19 16:26:33,学历不限,社区/居民/家政服务,不限,成都钰衡科技有限公司,30K-50K,武汉,包吃包住年底双薪全勤奖补充医疗保险
招保姆，要爱心阿姨...,民营,20人以下,2019-09-18 10:25:53,学历不限,社区/居民/家政服务,3-5年,简阳市亿才通商务信息咨询有限公司,8K-10K,宜宾-江安县,全勤奖14薪包吃包住
保姆月嫂保洁人员,民营,20-99人,2019-09-19 11:40:24,高中,社区/居民/家政服务,3-5年,内蒙古优佳养老产业有限责任公司,8K-10K,呼和浩特,节日福利周末双休通讯补助五险一金
外遣项目年薪50万雇主直聘安保/家政/保姆出国人员,民营,20-99人,2019-09-12 14:48:28,学历不限,教育/培训,不限,成都蜀友企业管理有限公司,30K-50K,西安,包吃包住带薪年假工作居住证周末双休
外遣项目年薪50万雇主直聘安保/家政/保姆出国人员,民营,20-99人,2019-09-19 16:34:11,学历不限,社区/居民/家政服务,不限,成都钰衡科技有限公司,30K-50K,北京,包吃包住年底双薪全勤奖补充医疗保险
总经理生活助理保姆,民营,不限,2019-09-06 14:02:46,中专,社区/居民/家政服务,1-3年,辽宁对焦科技有限公司,4K-6K,沈阳,
招聘有无经验保姆,民营,100-499人,2019-09-17 17:10:01,学历不限,社区/居民/家政服务,不限,深圳市家贝贝母婴护理培训有限公司,6K-8K,深圳-光明新区,五险一金包吃定期体检加班补助
保姆护工,其它,100-499人,2019-09-09 17:40:20,学历不限,社区/居民/家政服务,不限,烟台爱多加网络科技有限公司,2K-4K,烟台-福山区,包吃无试用期试用期全额
急招保姆有无经验都可6000以上工资,民营,100-499人,2019-09-07 10:35:03,学历不限,社区/居民/家政服务,不限,深圳市家贝贝母婴护理培训有限公司,6K-8K,深圳,包住包吃
澳門某家庭聘保姆,合资,20人以下,2019-09-06 17:33:10,高中,社区/居民/家政服务,1-3年,珠海市澳正劳务咨询有限公司,6K-8K,珠海,包住包吃
保姆,民营,20人以下,2019-09-10 16:52:15,学历不限,社区/居民/家政服务,1-3年,贵州遵义神华食品销售有限公司,3K-4K,遵义,
保姆,民营,500-999人,2019-09-05 11:40:04,学历不限,社区/居民/家政服务,3-5年,北京天舟通信有限公司,4K-6K,北京,五险一金餐补通讯补助带薪年假弹性工作
家庭保姆,民营,20-99人,2019-09-10 16:31:23,学历不限,社区/居民/家政服务,1-3年,河南鑫老包食品有限公司,2K-4K,开封,五险一金
外遣项目年薪50万雇主直聘安保/家政/保姆出国人员,民营,20-99人,2019-09-12 15:03:43,学历不限,教育/培训,不限,成都蜀友企业管理有限公司,30K-50K,郑州,包吃包住带薪年假工作居住证周末双休
7000请保姆做饭做卫生,其它,不限,2019-09-05 14:30:07,学历不限,社区/居民/家政服务,不限,东莞市康乃馨家庭服务有限公司,6K-8K,东莞,年底双薪绩效奖金包吃包住全勤奖
保姆,不限,20-99人,2019-09-13 16:39:35,学历不限,社区/居民/家政服务,不限,贵州弘元旭钊工程有限公司,2.9K-3K,贵阳,包吃包住
保姆,民营,20-99人,2019-09-18 16:41:30,学历不限,社区/居民/家政服务,不限,深圳新金领教育咨询有限公司,8K-10K,玉林,包吃包住加班补助员工旅游节日福利
保姆,民营,20-99人,2019-09-18 15:26:55,学历不限,社区/居民/家政服务,不限,惠州市瑞尔泰电子有限公司,2K-4K,惠州,包住包吃
外遣项目年薪50万雇主直聘安保/家政/保姆出国人员,合资,100-499人,2019-09-17 13:24:08,学历不限,社区/居民/家政服务,不限,成都泰晤士教育咨询有限公司,30K-50K,哈尔滨,全勤奖包吃包住带薪年假每年多次调薪
保姆（兼职）,民营,20-99人,2019-09-16 14:15:07,学历不限,社区/居民/家政服务,不限,山东洛克美森智能电气有限公司,1.5K-2K,济南,
保姆,民营,20-99人,2019-09-20 10:48:06,学历不限,社区/居民/家政服务,不限,桂林磐石文化传播有限公司(微型企业),2K-3K,桂林,包吃
保姆,民营,20-99人,2019-09-18 16:40:27,学历不限,社区/居民/家政服务,不限,深圳新金领教育咨询有限公司,8K-10K,贺州,包吃包住加班补助员工旅游节日福利
外企急招保姆、保洁员,其它,100-499人,2019-09-11 16:39:53,学历不限,社区/居民/家政服务,不限,郑州沙鸥文化传媒有限公司,30K-50K,延边-延吉市,带薪年假包吃包住
外遣项目年薪50万雇主直聘安保/家政/保姆出国人员,民营,20-99人,2019-09-12 15:05:37,学历不限,教育/培训,不限,成都蜀友企业管理有限公司,30K-50K,长沙,包吃包住带薪年假工作居住证周末双休
保姆家政,民营,20-99人,2019-09-03 16:56:43,学历不限,社区/居民/家政服务,不限,烟台仁成艾灸生物科技有限公司,1K-2K,烟台,节日福利定期团建弹性工作
急需吃住家务保姆4000-6000,股份制企业,20-99人,2019-09-11 11:27:15,学历不限,社区/居民/家政服务,不限,大连市好大姐职业介绍所西岗分所,4K-6K,大连,包住包吃
外企急招保姆、保洁员,其它,100-499人,2019-09-11 16:39:53,学历不限,社区/居民/家政服务,不限,郑州沙鸥文化传媒有限公司,30K-50K,白城-洮北区,带薪年假包吃包住
住家保姆,民营,100-499人,2019-09-16 15:39:47,学历不限,社区/居民/家政服务,1-3年,江西众荣餐饮管理有限公司,4K-6K,南昌,包吃包住交通补助餐补通讯补助
外遣项目年薪50万雇主直聘安保/家政/保姆出国人员,合资,100-499人,2019-09-17 11:29:29,学历不限,社区/居民/家政服务,不限,成都泰晤士教育咨询有限公司,30K-50K,太原,全勤奖包吃包住带薪年假每年多次调薪
招聘保姆,股份制企业,100-499人,2019-09-12 09:41:51,学历不限,社区/居民/家政服务,不限,广东顺德淘力网络科技有限公司,4K-7K,佛山-顺德区,五险一金绩效奖金带薪年假节日福利员工旅游
保姆,社会团体,不限,2019-09-19 21:52:08,学历不限,社区/居民/家政服务,不限,建华区佰思特教育咨询中心,2K-3K,齐齐哈尔,年底双薪绩效奖金年终分红加班补助全勤奖
三口之家招有爱心保姆,其它,不限,2019-09-10 15:32:32,学历不限,社区/居民/家政服务,不限,东莞市康乃馨家庭服务有限公司,6K-9K,东莞,包住包吃
家庭保姆,其它,100-499人,2019-09-09 17:33:28,学历不限,社区/居民/家政服务,不限,烟台爱多加网络科技有限公司,2K-4K,烟台,包吃无试用期试用期全额
外遣项目年薪50万雇主直聘安保/家政/保姆出国人员,民营,100-499人,2019-09-12 15:48:59,学历不限,社区/居民/家政服务,不限,重庆汇博嘉福广告传媒有限公司,30K-50K,合肥,全勤奖包吃包住交通补助加班补助
外遣项目年薪50万雇主直聘安保/家政/保姆出国人员,合资,100-499人,2019-09-17 11:23:04,学历不限,社区/居民/家政服务,不限,成都泰晤士教育咨询有限公司,30K-50K,沈阳,全勤奖包吃包住带薪年假每年多次调薪
外遣项目年薪50万雇主直聘安保/家政/保姆出国人员,民营,20-99人,2019-09-19 16:13:31,学历不限,社区/居民/家政服务,不限,成都钰衡科技有限公司,30K-50K,济南,包吃包住年底双薪全勤奖补充医疗保险
外遣项目年薪50万雇主直聘安保/家政/保姆出国人员,民营,20-99人,2019-09-19 16:04:26,学历不限,社区/居民/家政服务,不限,成都钰衡科技有限公司,30K-50K,石家庄,包吃包住年底双薪全勤奖补充医疗保险
保姆（包吃住）,民营,100-499人,2019-09-17 17:10:54,学历不限,社区/居民/家政服务,不限,深圳市家贝贝母婴护理培训有限公司,4K-6K,江门,包吃包住定期体检加班补助餐补
外遣项目年薪50万雇主直聘安保/家政/保姆出国人员,合资,100-499人,2019-09-17 11:27:26,学历不限,社区/居民/家政服务,不限,成都泰晤士教育咨询有限公司,30K-50K,济南,全勤奖包吃包住带薪年假每年多次调薪
高薪聘一对一保姆,其它,不限,2019-09-10 15:36:27,学历不限,社区/居民/家政服务,不限,东莞市康乃馨家庭服务有限公司,6K-8K,东莞,包住包吃
急需吃住家务/专收拾家保姆3000-5000,股份制企业,20-99人,2019-09-20 11:43:08,学历不限,社区/居民/家政服务,不限,大连市好大姐职业介绍所西岗分所,4K-6K,大连,包住包吃
大量生熟手招保姆钟点工,民营,100-499人,2019-09-06 15:59:47,学历不限,社区/居民/家政服务,不限,深圳市家贝贝母婴护理培训有限公司,4K-6K,深圳,包吃包住
家政保姆,民营,100-499人,2019-09-11 15:44:19,学历不限,社区/居民/家政服务,不限,大庆儒商古道珠宝有限公司,2K-4K,大庆-让胡路区,
急招保姆有无经验都可5000以上工资,民营,100-499人,2019-09-17 18:08:05,学历不限,社区/居民/家政服务,不限,深圳市家贝贝母婴护理培训有限公司,6K-8K,广州,五险一金包吃定期体检包住
外企急招保姆/保洁员/月嫂,其它,100-499人,2019-09-11 16:48:47,学历不限,社区/居民/家政服务,不限,郑州沙鸥文化传媒有限公司,30K-50K,济南-槐荫区,带薪年假包吃包住
澳門某家庭保姆,外商独资,20人以下,2019-09-20 10:15:41,学历不限,社区/居民/家政服务,不限,珠海市澳枫恒信息咨询有限公司,8K-10K,珠海,
外遣项目年薪50万雇主直聘安保/家政/保姆出国人员,民营,20-99人,2019-09-12 14:55:42,学历不限,教育/培训,不限,成都蜀友企业管理有限公司,30K-50K,杭州,包吃包住带薪年假工作居住证周末双休
保姆,民营,20-99人,2019-09-18 16:48:24,学历不限,社区/居民/家政服务,不限,深圳新金领教育咨询有限公司,8K-10K,崇左,包吃包住加班补助员工旅游节日福利
外遣项目年薪50万雇主直聘安保/家政/保姆出国人员,民营,20-99人,2019-09-12 14:46:45,学历不限,教育/培训,不限,成都蜀友企业管理有限公司,30K-50K,武汉,包吃包住带薪年假工作居住证周末双休
保姆,民营,20-99人,2019-09-18 16:55:03,学历不限,社区/居民/家政服务,不限,深圳新金领教育咨询有限公司,8K-10K,柳州,包吃包住加班补助员工旅游节日福利
保姆,民营,20-99人,2019-09-18 16:49:06,学历不限,社区/居民/家政服务,不限,深圳新金领教育咨询有限公司,8K-10K,来宾,包吃包住加班补助员工旅游节日福利
外遣项目年薪50万雇主直聘安保/家政/保姆出国人员,合资,100-499人,2019-09-17 12:38:20,学历不限,社区/居民/家政服务,不限,成都泰晤士教育咨询有限公司,30K-50K,杭州,全勤奖包吃包住带薪年假每年多次调薪
行政助理,国企,不限,2019-09-20 00:51:58,大专,人力资源,不限,中国人寿保险股份有限公司六安分公司营销部,3K-4K,六安,
教育事业部项目主管,国企,500-999人,2019-09-20 00:51:52,本科,项目管理/项目协调,3-5年,中国寰岛集团有限公司,6K-8K,海口,五险一金餐补通讯补助带薪年假定期体检
信贷经理,国企,10000人以上,2019-09-20 00:51:25,大专,银行,不限,中国人民财产保险股份有限公司南宁市分公司个贷部,10K-20K,南宁,五险一金绩效奖金交通补助餐补弹性工作
保险全职,国企,不限,2019-09-20 00:52:45,高中,保险,不限,中国人民人寿保险股份有限公司苏州中心支公司群英部,8K-10K,苏州,绩效奖金弹性工作补充医疗保险不加班员工旅游
急聘社区窗口办事专员+双休,国企,500-999人,2019-09-20 00:50:26,大专,行政/后勤/文秘,不限,中国人民健康保险股份有限公司长春市分公司健康部,4K-6K,长春,五险一金全勤奖周末双休出国游每年多次调薪
项目土建施工员,国企,10000人以上,2019-09-20 00:52:07,本科,土木/建筑/装修/市政工程,1-3年,中国建筑第五工程局有限公司河南分公司,4K-6K,商丘-梁园区,五险一金绩效奖金包住包吃交通补助
高薪诚聘4S店专员+双休,国企,500-999人,2019-09-20 00:50:24,大专,行政/后勤/文秘,不限,中国人民健康保险股份有限公司长春市分公司人民广场分部,4K-6K,长春,五险一金绩效奖金全勤奖周末双休每年多次调薪
社区专员,国企,不限,2019-09-20 00:50:04,大专,行政/后勤/文秘,1-3年,中国人民健康保险股份有限公司长春市分公司长春精英部,6K-8K,长春,绩效奖金年终分红全勤奖交通补助弹性工作
急聘社区专员,国企,500-999人,2019-09-20 00:50:04,大专,人力资源,1-3年,中国人民健康保险股份有限公司长春市分公司朝阳营销部,6K-8K,长春,五险一金交通补助弹性工作员工旅游周末双休
储备业务主任,国企,100-499人,2019-09-20 00:50:16,大专,销售管理,1-3年,中国人民人寿保险股份有限公司西宁市中心支公司,4K-6K,西宁,绩效奖金全勤奖弹性工作补充医疗保险创业公司
急聘社区窗口管理专员+双休,国企,500-999人,2019-09-20 00:50:24,大专,行政/后勤/文秘,不限,中国人民健康保险股份有限公司长春市分公司人民广场分部,4K-6K,长春,五险一金绩效奖金全勤奖周末双休出国游
证券客户经理（市中心+五险一金+双休）,国企,1000-9999人,2019-09-20 13:50:03,大专,证券/期货/投资管理/服务,1-3年,国元证券股份有限公司成都提督街证券营业部,3K-6K,成都,节日福利带薪年假周末双休五险一金绩效奖金
客服专员-正通集团捷豹路虎来广营店,国企,20人以下,2019-09-20 00:50:05,学历不限,客服/售前/售后技术支持,不限,中国正通汽车服务控股有限公司,4K-6K,北京,五险一金绩效奖金包吃带薪年假定期体检
急聘社区窗口办事专员+双休,国企,500-999人,2019-09-20 00:50:41,大专,行政/后勤/文秘,不限,中国人民健康保险股份有限公司长春市分公司南京大街分部,4K-6K,长春,五险一金全勤奖周末双休出国游每年多次调薪
人事助理,国企,100-499人,2019-09-20 00:51:55,中专,人力资源,不限,中国人寿保险股份有限公司吉林市分公司营销部团队,3K-5K,吉林市,五险一金绩效奖金年终分红全勤奖带薪年假
急聘社区专员,国企,不限,2019-09-20 00:50:04,大专,行政/后勤/文秘,1-3年,中国人民健康保险股份有限公司长春市分公司长春营销部,6K-8K,长春,全勤奖弹性工作不加班交通补助通讯补助
电话客服专员6000-8000,国企,100-499人,2019-09-20 00:51:55,学历不限,客服/售前/售后技术支持,不限,中国人寿保险股份有限公司吉林市分公司营销部团队,8K-10K,吉林市,五险一金绩效奖金年终分红全勤奖带薪年假
现诚聘人事助理3名,国企,500-999人,2019-09-20 00:51:09,中专,行政/后勤/文秘,不限,中国人寿保险股份有限公司日照分公司拓城团队,2.5K-5K,日照,五险一金绩效奖金全勤奖补充医疗保险不加班
高薪诚聘4S店专员,国企,500-999人,2019-09-20 00:50:26,大专,行政/后勤/文秘,不限,中国人民健康保险股份有限公司长春市分公司健康部,4K-6K,长春,五险一金绩效奖金全勤奖周末双休每年多次调薪
销售顾问汽车销售,国企,20-99人,2019-09-20 00:50:34,大专,汽车销售与服务,不限,河北国和众昊达汽车贸易有限公司,6K-8K,石家庄,五险一金绩效奖金餐补采暖补贴定期体检
保险兼职,国企,不限,2019-09-20 00:52:25,高中,保险,不限,中国人民人寿保险股份有限公司苏州中心支公司群英部,8K-10K,苏州,绩效奖金弹性工作补充医疗保险不加班员工旅游
电气调试员（历届）,国企,100-499人,2019-09-20 00:51:38,大专,能源/矿产/地质勘查,1年以下,中国能源建设集团华东电力试验研究院有限公司,4K-6K,杭州,五险一金绩效奖金交通补助弹性工作带薪年假
电话销售,国企,不限,2019-09-20 00:50:03,大专,销售业务,不限,中国平安人寿保险股份有限公司沈阳电话销售中心勇往直前团队,6K-8K,锦州,补充医疗保险采暖补贴五险一金带薪年假定期体检
兼职销售员,国企,10000人以上,2019-09-20 00:51:26,中专,销售业务,1-3年,中国人寿保险股份有限公司东莞分公司松山湖营销服务部吴小琴团队,6K-8K,东莞,大牛带队出国游定期团建员工旅游弹性工作
售后专员,国企,1000-9999人,2019-09-20 00:52:50,大专,保险,不限,中国人寿保险股份有限公司淮安市分公司直属营销服务部雄芯团队,6K-8K,淮安,年底双薪绩效奖金年终分红补充医疗保险弹性工作
窗口专员,国企,不限,2019-09-20 00:52:51,大专,行政/后勤/文秘,不限,中国人民健康保险股份有限公司长春市分公司售后互动部,4K-6K,长春,五险一金周末双休弹性工作绩效奖金定期体检
车险服务专员,国企,1000-9999人,2019-09-20 00:52:29,大专,保险,不限,中国人民财产保险股份有限公司南通市崇川支公司,6K-8K,南通,五险一金绩效奖金加班补助交通补助餐补
售后服务中心助理、人事助理、行政助理,国企,500-999人,2019-09-20 00:51:09,中专,保险,1年以下,中国人寿保险股份有限公司日照分公司拓城团队,3K-6K,日照,五险一金绩效奖金加班补助员工旅游节日福利
售后理赔员,国企,10000人以上,2019-09-20 00:51:33,大专,保险,不限,中国人寿保险股份有限公司沈阳市分公司广发金融部,6K-8K,沈阳,不加班周末双休弹性工作全勤奖员工旅游
售后服务顾问,国企,10000人以上,2019-09-20 00:50:12,大专,保险,不限,中国人寿保险股份有限公司太仓支公司第一营销服务部,4K-6K,太仓市,年终分红全勤奖弹性工作补充医疗保险定期体检
技术主管,国企,1000-9999人,2019-09-20 00:51:26,大专,土木/建筑/装修/市政工程,3-5年,中国核工业第二二建设有限公司,6K-8K,嘉兴-海盐县,加班补助包住通讯补助周末双休高温补贴
售后续保管理,国企,500-999人,2019-09-20 00:51:00,大专,保险,不限,中国人寿保险股份有限公司烟台分公司综合金融部,4K-6K,烟台,绩效奖金弹性工作带薪年假补充医疗保险节日福利
销售精英,国企,10000人以上,2019-09-20 00:52:04,大专,销售业务,1-3年,中国人民人寿保险股份有限公司河南省分公司省本部,10K-20K,郑州,五险一金全勤奖通讯补助绩效奖金创业公司
直招销售主管,国企,500-999人,2019-09-20 00:51:38,大专,销售管理,不限,中国人寿保险股份有限公司烟台经济技术开发区支公司大季家街道办营销服务部,6K-8K,烟台-开发区,绩效奖金弹性工作补充医疗保险全勤奖节日福利
渠道经理,国企,20-99人,2019-09-20 00:52:49,大专,保险,1-3年,中国人寿保险股份有限公司上海市市东支公司蒋老师部,15K-20K,上海,绩效奖金不加班补充医疗保险定期体检弹性工作
售后客服,国企,100-499人,2019-09-20 00:51:29,中专,保险,不限,中国人寿保险股份有限公司常州市天宁支公司精鹰部,4K-6K,常州,全勤奖五险一金员工旅游带薪年假弹性工作
销售代表,国企,10000人以上,2019-09-20 00:51:56,高中,保险,不限,中国人寿保险股份有限公司福州分公司,8K-10K,福州-晋安区,五险一金年底双薪绩效奖金带薪年假弹性工作
中国人寿营销主管,国企,不限,2019-09-20 00:51:58,学历不限,销售业务,不限,中国人寿保险股份有限公司六安分公司营销部,8K-15K,六安,
职业经理人,国企,1000-9999人,2019-09-20 00:51:36,大专,销售管理,1-3年,中国平安人寿保险股份有限公司湖北省展业服务第四营销服务部,15K-20K,武汉,绩效奖金全勤奖带薪年假不加班员工旅游
高薪信贷经理,国企,10000人以上,2019-09-20 00:51:25,大专,销售管理,不限,中国人民财产保险股份有限公司南宁市分公司个贷部,15K-20K,南宁,五险一金绩效奖金交通补助餐补弹性工作
文员,国企,100-499人,2019-09-20 00:51:29,学历不限,行政/后勤/文秘,不限,中国人寿保险股份有限公司常州市天宁支公司精鹰部,2K-4K,常州,全勤奖弹性工作补充医疗保险带团队周末双休
月薪6000/双休/可住宿,国企,1000-9999人,2019-09-20 00:52:24,中专,销售业务,不限,中国大地财产保险股份有限公司潍坊中心支公司人事部门,4.5K-8K,宿迁-宿豫区,五险一金绩效奖金全勤奖高温补贴定期团建
销售专员+周末双休,国企,10000人以上,2019-09-20 00:52:31,大专,客服/售前/售后技术支持,不限,中国人寿保险股份有限公司成都市分公司滨江营销服务部理财中心客户服务部,8K-10K,成都,出国游带团队定期团建周末双休员工旅游
销售主管经理,国企,10000人以上,2019-09-20 00:52:22,大专,销售业务,不限,中国大地财产保险股份有限公司湛江中心支公司个贷事业部,8K-10K,湛江,五险一金绩效奖金全勤奖带薪年假补充医疗保险
中国人寿惠民专员,国企,10000人以上,2019-09-20 00:50:01,大专,保险,不限,中国人寿保险股份有限公司天津市武清区支公司鼎鑫团队,4K-6K,天津,绩效奖金周末双休员工旅游定期团建出国游
济南万象城中国黄金导购,国企,1000-9999人,2019-09-20 00:50:04,中专,商超/酒店/娱乐管理/服务,1-3年,中国黄金集团黄金珠宝股份有限公司,4K-8K,济南,五险一金交通补助餐补采暖补贴带薪年假
卓越经理人,国企,10000人以上,2019-09-20 00:51:45,大专,销售管理,3-5年,中国平安人寿保险股份有限公司昆山支公司玉山营销服务部精英部,15K-20K,苏州,绩效奖金加班补助全勤奖带薪年假节日福利
中国平安招聘电话客服,国企,10000人以上,2019-09-20 00:51:31,大专,客服/售前/售后技术支持,不限,中国平安人寿保险股份有限公司沈阳电话销售中心综合售后业务部门,5K-10K,沈阳,五险一金绩效奖金带薪年假定期体检员工旅游
销售主管,国企,10000人以上,2019-09-20 00:51:41,中技,保险,不限,中国人寿保险股份有限公司濮阳分公司理赔服务部,6K-8K,濮阳-华龙区,
销售顾问,国企,10000人以上,2019-09-20 00:51:31,大专,销售业务,1-3年,中国人寿保险股份有限公司西安分公司北大街营销服务部红旗团队,6K-8K,西安,五险一金绩效奖金全勤奖员工旅游弹性工作
经理主管,国企,不限,2019-09-20 00:50:01,大专,销售管理,不限,中国人寿保险股份有限公司日照分公司秦楼街道营销服务部,6K-8K,日照,全勤奖绩效奖金带薪年假节日福利带团队
保险代理,国企,不限,2019-09-20 00:50:10,大专,保险,不限,中国平安人寿保险股份有限公司温州中心支公司星海营业部,15K-20K,温州,绩效奖金弹性工作补充医疗保险员工旅游高温补贴
综合运营管理岗位,国企,1000-9999人,2019-09-20 00:52:46,大专,保险,1-3年,中国人寿保险股份有限公司苏州市分公司第二营销服务部顾冰飞团队,8K-10K,苏州,绩效奖金餐补全勤奖弹性工作补充医疗保险
人事助理,国企,10000人以上,2019-09-20 00:52:06,学历不限,人力资源,不限,中国人寿保险股份有限公司威海分公司新威路营销服务部大川团队,2K-4K,威海-环翠区,五险一金补充医疗保险员工旅游节日福利定期体检
售后客服,国企,1000-9999人,2019-09-20 00:52:19,大专,客服/售前/售后技术支持,不限,中国人寿保险股份有限公司广州市越秀支公司黄艳琼部门,6K-8K,广州-越秀区,绩效奖金节日福利员工旅游定期体检每年多次调薪
助理文员 或 业务员,国企,500-999人,2019-09-20 00:51:39,学历不限,行政/后勤/文秘,1-3年,中国人寿保险股份有限公司莆田市城厢区支公司第二营销服务部君悦队,6K-8K,莆田,弹性工作周末双休大牛带队带团队绩效奖金
团队筹建经理,国企,500-999人,2019-09-20 00:51:02,大专,保险,3-5年,中国太平洋人寿保险股份有限公司太原市高新支公司顾问售后部,8.5K-15K,太原,弹性工作补充医疗保险定期体检创业公司周末双休
综合金融客户经理,国企,不限,2019-09-20 00:50:40,大专,保险,无经验,中国人寿保险股份有限公司昆明市官渡区支公司蓝天部,4K-6K,昆明,
售后主管,国企,500-999人,2019-09-20 00:51:02,中技,保险,1-3年,中国太平洋人寿保险股份有限公司太原市高新支公司顾问售后部,6K-12K,太原,弹性工作补充医疗保险定期体检创业公司周末双休
储备干部,国企,100-499人,2019-09-20 00:51:29,学历不限,销售管理,不限,中国人寿保险股份有限公司常州市天宁支公司精鹰部,8K-10K,常州,全勤奖五险一金员工旅游带薪年假弹性工作
储备干部+双休+福利,国企,10000人以上,2019-09-20 00:52:31,学历不限,销售管理,不限,中国人寿保险股份有限公司成都市分公司滨江营销服务部理财中心客户服务部,6K-8K,成都,周末双休节日福利年底双薪全勤奖带薪年假
中国人保招聘信贷经理（非寿险）,国企,10000人以上,2019-09-20 00:51:16,学历不限,销售业务,不限,中国人民财产保险股份有限公司云龙支公司青年路营销服务部,10K-15K,徐州,五险一金采暖补贴全额公积金大牛带队试用期全额
贷款专员信贷专员融资专员,国企,20-99人,2019-09-20 00:50:22,大专,销售业务,1-3年,中国太平洋财产保险股份有限公司潍坊中心支公司卓越团队,6K-8K,潍坊,五险一金绩效奖金餐补定期体检定期团建
综合金融客户经理,国企,10000人以上,2019-09-20 00:51:45,中专,销售管理,1-3年,中国平安人寿保险股份有限公司昆山支公司玉山营销服务部精英部,15K-20K,昆山,绩效奖金全勤奖带薪年假节日福利补充医疗保险
客户经理,国企,10000人以上,2019-09-20 00:50:20,大专,客服/售前/售后技术支持,不限,中国人寿保险股份有限公司枣庄分公司文化路营销服务部,5K-10K,枣庄,周末双休定期团建每年多次调薪员工旅游弹性工作
保险代理,国企,10000人以上,2019-09-20 00:51:42,学历不限,保险,不限,中国人寿保险股份有限公司杭州市分公司远舰团队,10K-20K,杭州,五险一金年底双薪
团队筹建经理,国企,500-999人,2019-09-20 00:51:02,大专,保险,3-5年,中国太平洋人寿保险股份有限公司太原市高新支公司顾问售后部,8.5K-15K,太原,弹性工作补充医疗保险定期体检创业公司周末双休
售后服务底薪5000,国企,10000人以上,2019-09-20 00:52:31,学历不限,保险,不限,中国人寿保险股份有限公司漳州分公司,5K-8K,扬州,五险一金绩效奖金定期体检补充医疗保险员工旅游
储备干部,国企,500-999人,2019-09-20 00:51:00,大专,保险,不限,中国人寿保险股份有限公司烟台分公司综合金融部,4K-6K,烟台,绩效奖金全勤奖补充医疗保险员工旅游弹性工作
领航团队招业务员，主管,国企,10000人以上,2019-09-20 00:51:41,大专,销售业务,不限,中国人寿保险股份有限公司濮阳分公司理赔服务部,6K-8K,濮阳-华龙区,
车险查勘定损岗,国企,100-499人,2019-09-20 00:50:05,本科,保险,不限,中国人民财产保险股份有限公司惠州市分公司,4K-6K,惠州-惠城区,五险一金绩效奖金加班补助交通补助餐补
行政人事专员,国企,500-999人,2019-09-20 00:50:45,本科,行政/后勤/文秘,不限,安徽海螺水泥股份有限公司宁国水泥厂,4K-6K,宣城,五险一金餐补带薪年假14薪节日福利
高级销售经理,国企,10000人以上,2019-09-20 16:45:16,大专,销售管理,不限,中国人寿保险股份有限公司北京市中关村大街支公司,30K-50K,北京,绩效奖金弹性工作员工旅游大牛带队周末双休
人事招聘专员（实习生后期转管理岗方向）想过安稳日子的同学勿投,国企,10000人以上,2019-09-20 16:41:09,大专,人力资源,无经验,中国人寿保险股份有限公司福州分公司,6K-8K,福州,周末双休员工旅游弹性工作大牛带队定期团建
内勤,国企,500-999人,2019-09-20 16:55:13,大专,行政/后勤/文秘,1-3年,中国人寿保险股份有限公司南充市高坪区支公司城郊营销部,2K-4K,南充-高坪区,五险一金绩效奖金带薪年假定期体检补充医疗保险
招商经理,国企,20-99人,2019-09-20 00:51:58,本科,销售业务,3-5年,中国电子西安产业园发展有限公司,5.5K-9K,西安,弹性工作带薪年假五险一金定期体检交通补助
投资顾问,国企,1000-9999人,2019-09-20 00:52:15,本科,证券/期货/投资管理/服务,3-5年,国联证券股份有限公司,薪资面议,深圳-福田区,五险一金交通补助餐补带薪年假定期体检
技术员,国企,10000人以上,2019-09-20 00:52:07,本科,土木/建筑/装修/市政工程,1-3年,中国建筑第五工程局有限公司河南分公司,4K-6K,商丘-梁园区,五险一金绩效奖金包住包吃交通补助
产业招商,国企,20-99人,2019-09-20 00:50:46,大专,销售业务,不限,中国电子西安产业园发展有限公司,4.5K-7K,西安,五险一金绩效奖金弹性工作带薪年假高温补贴
私人司机,国企,1000-9999人,2019-09-20 00:51:40,大专,行政/后勤/文秘,不限,中国平安人寿保险股份有限公司上海分公司宏南直辖部,15K-20K,上海,年底双薪绩效奖金全勤奖带薪年假节日福利
人事助理(朝九晚五，周末双休）,国企,100-499人,2019-09-20 00:52:56,大专,人力资源,不限,中国人寿保险股份有限公司武汉市汉阳区支公司,6K-8K,武汉-汉阳区,员工旅游年终分红周末双休定期团建带团队
会计（海运方向）,国企,20-99人,2019-09-20 00:51:24,大专,财务/审计/税务,5-10年,锦国投(大连)发展有限公司,8K-15K,上海,五险一金交通补助餐补通讯补助定期体检
中国人寿学平险理赔专员,国企,10000人以上,2019-09-20 00:51:41,大专,保险,不限,中国人寿保险股份有限公司濮阳分公司理赔服务部,4K-6K,濮阳-华龙区,
银行保险部客户经理,国企,500-999人,2019-09-20 00:52:10,大专,销售管理,不限,中国人寿保险股份有限公司深圳市分公司银保支公司,7K-14K,深圳,通讯补助带薪年假节日福利高温补贴周末双休
消防巡查员,国企,1000-9999人,2019-09-20 00:50:34,学历不限,物业管理,不限,中国国旅武汉机构,4K-6K,武汉,五险一金绩效奖金补充医疗保险包吃包住
车险销售专员,国企,100-499人,2019-09-20 00:50:58,学历不限,保险,不限,中国人民财产保险股份有限公司吉林市分公司,6K-8K,吉林市,周末双休节日福利定期体检全勤奖加班补助
内勤文员,国企,1000-9999人,2019-09-20 16:42:33,大专,行政/后勤/文秘,不限,中国人寿保险股份有限公司无锡市滨湖支公司,3K-6K,无锡-新吴区,绩效奖金员工旅游节日福利周末双休免费停车
IVD销售专员,国企,100-499人,2019-09-20 00:50:52,大专,销售业务,1年以下,安徽国科康仪医疗科技有限公司,8K-16K,合肥,五险一金交通补助餐补通讯补助节日福利
