职位名称,公司类型,公司规模,发布时间,工作要求,工作类型,工作经验,公司名称,职位月薪,工作地点,公司待遇
泸水中成村镇银行综合柜员岗,银行,1000-9999人,2019-07-04 17:44:01,本科,银行,1-3年,成都农村商业银行股份有限公司,4K-6K,怒江,五险一金定期体检带薪年假
银行柜员,民营,20-99人,2019-08-28 09:10:29,本科,银行,不限,黑龙江省元盛货币兑换有限公司,2K-4K,哈尔滨,五险一金
银行后台柜员（非客服）,民营,500-999人,2019-09-11 16:33:12,大专,银行,不限,苏州市银雁数据处理有限公司,4K-6K,南京-秦淮区,五险一金绩效奖金带薪年假加班补助全勤奖
银行柜员,外商独资,20-99人,2019-09-13 16:50:32,本科,银行,1-3年,企业银行(中国)有限公司深圳分行,6K-8K,深圳,14薪住房补贴五险一金餐补员工旅游
银行线上柜员+纯内勤182,民营,20-99人,2019-09-19 18:02:53,大专,客服/售前/售后技术支持,不限,合肥科东易旭信息科技有限公司,3.5K-5.5K,绵阳,绩效奖金全勤奖带薪年假节日福利五险一金
银行柜员客服+朝九晚六,民营,100-499人,2019-09-01 09:53:24,大专,客服/售前/售后技术支持,不限,潍坊至诚电子商务有限公司,4K-6K,潍坊-坊子区,五险一金带薪年假餐补加班补助全勤奖
银行柜员,银行,20-99人,2019-09-11 11:16:26,大专,银行,不限,曲阜中银富登村镇银行有限公司,4K-8K,济宁-曲阜市,五险一金绩效奖金交通补助餐补通讯补助
银行柜员,民营,不限,2019-08-28 08:49:49,大专,银行,不限,中国平安人寿保险股份有限公司重庆市沙坪坝支公司沙正街营业部给力部,6K-8K,重庆-沙坪坝区,全勤奖绩效奖金节日福利不加班无试用期
峨眉山中成村镇银行-综合柜员岗,银行,1000-9999人,2019-07-04 16:28:54,本科,银行,1-3年,成都农村商业银行股份有限公司,4K-6K,乐山,五险一金定期体检带薪年假交通补助
银行柜员 双休,民营,1000-9999人,2019-09-19 22:14:01,大专,银行,不限,中国平安人寿保险股份有限公司重庆市江北支公司五里店营业部寿险金融部,6K-8K,重庆,五险一金年底双薪绩效奖金定期团建出国游
银行柜员（晋升+双休）,不限,10000人以上,2019-09-20 08:46:00,大专,银行,不限,中国平安人寿保险股份有限公司河南分公司珠峰团队,6K-8K,郑州,
民生银行江津支行银行柜员,民营,500-999人,2019-09-18 11:04:30,大专,银行,不限,民生电商控股(深圳)有限公司,4K-6K,重庆-江津区,包吃定期体检带薪年假绩效奖金
筠连中成村镇银行-综合柜员岗,银行,1000-9999人,2019-07-04 17:52:33,本科,银行,1-3年,成都农村商业银行股份有限公司,4K-6K,宜宾-筠连县,五险一金交通补助定期体检带薪年假
某商业银行公积金柜员岗（可转编制、罗湖东乐）,民营,10000人以上,2019-09-20 10:02:27,本科,银行,不限,银雁科技服务集团股份有限公司,4K-6K,深圳,五险一金绩效奖金周末双休
银行柜员（可转正编）,民营,500-999人,2019-08-29 10:21:17,大专,银行,不限,民生电商控股(深圳)有限公司,4K-6K,深圳,五险一金年底双薪加班补助高温补贴
平安银行柜员,上市公司,10000人以上,2019-09-18 10:37:42,大专,银行,不限,中国平安人寿保险股份有限公司河南分公司金水区营业部,4K-6K,郑州,五险一金绩效奖金周末双休不加班弹性工作
银行柜员,股份制企业,1000-9999人,2019-09-19 16:14:45,学历不限,银行,不限,山西银雁金融外包服务有限公司,2K-4K,太原,绩效奖金交通补助房补通讯补助节日福利
银行柜员,民营,500-999人,2019-08-29 08:38:42,本科,银行,1-3年,民生电商控股(深圳)有限公司,2.5K-5K,张家口,带薪年假定期体检绩效奖金五险一金加班补助
急招银行柜员,上市公司,不限,2019-08-22 14:47:28,学历不限,银行,不限,中国平安人寿保险股份有限公司成都电话销售中心武侯分部彩虹部,4K-6K,成都,五险一金全勤奖高温补贴节日福利周末双休
银行柜员,民营,100-499人,2019-09-16 11:27:21,大专,银行,不限,合肥易德信息科技有限公司,4K-6K,马鞍山,年底双薪绩效奖金年终分红包吃全勤奖
蚂蚁金服银行柜员,民营,1000-9999人,2019-09-17 18:51:47,大专,银行,1-3年,佰钧成信息技术(苏州)有限公司,4K-6K,杭州,节日福利带薪年假五险一金补充医疗保险周末双休
浙商网商银行柜员,民营,1000-9999人,2019-09-17 18:51:22,大专,银行,1-3年,佰钧成信息技术(苏州)有限公司,4K-6K,杭州,节日福利带薪年假五险一金补充医疗保险周末双休
银行柜员,民营,1000-9999人,2019-09-17 18:50:45,大专,银行,1-3年,佰钧成信息技术(苏州)有限公司,4K-6K,杭州,节日福利带薪年假五险一金补充医疗保险周末双休
阿里银行柜员,民营,1000-9999人,2019-09-17 18:53:03,大专,银行,1-3年,佰钧成信息技术(苏州)有限公司,4K-6K,杭州,节日福利带薪年假五险一金补充医疗保险周末双休
阿里巴巴银行柜员,民营,1000-9999人,2019-09-17 18:52:29,大专,银行,1-3年,佰钧成信息技术(苏州)有限公司,4K-6K,杭州,节日福利带薪年假五险一金补充医疗保险周末双休
银行柜员,股份制企业,不限,2019-08-24 01:00:17,本科,银行,3-5年,中国平安人寿保险股份有限公司湖南分公司直属售后总部,6K-8K,长沙-雨花区,绩效奖金弹性工作补充医疗保险出国游周末双休
可转编制银行公积金柜员（南山前海）,民营,10000人以上,2019-09-20 09:59:37,本科,银行,不限,银雁科技服务集团股份有限公司,4K-6K,深圳-南山区,五险一金绩效奖金不加班节日福利高温补贴
重庆银行柜员招聘,民营,100-499人,2019-09-17 08:32:02,本科,银行,不限,重庆市创富教育咨询有限公司,4K-6K,重庆,五险一金带薪年假定期体检全勤奖年底双薪
莱芜中成村镇银行综合柜员岗,银行,1000-9999人,2019-07-04 17:21:31,本科,银行,不限,成都农村商业银行股份有限公司,4K-6K,莱芜,
BK22MC-平安银行荆州分行零售柜员岗,上市公司,10000人以上,2019-08-07 10:04:30,本科,银行,1-3年,平安银行有限公司,薪资面议,武汉,五险一金绩效奖金年终分红定期体检高温补贴
银行柜员,股份制企业,10000人以上,2019-09-10 16:42:38,大专,银行,不限,中国平安人寿保险股份有限公司河南分公司河南总部,4K-6K,郑州,五险一金弹性工作绩效奖金全勤奖年终分红
银行公积金柜员可转编制（福田）,民营,10000人以上,2019-09-20 10:00:07,本科,银行,不限,银雁科技服务集团股份有限公司,6K-8K,深圳-福田区,五险一金免费班车周末双休带薪年假
银行柜员,民营,100-499人,2019-09-17 08:45:00,大专,银行,不限,重庆市创富教育咨询有限公司,4K-6K,重庆,绩效奖金弹性工作带薪年假五险一金年底双薪
银行公积金柜员（周末双休+宝安西乡）,民营,10000人以上,2019-09-20 09:59:41,大专,银行,不限,银雁科技服务集团股份有限公司,4K-6K,深圳-宝安区,五险一金绩效奖金不加班节日福利高温补贴
网上银行柜员+新平台，发展好5千116,民营,100-499人,2019-09-19 18:06:17,大专,客服/售前/售后技术支持,不限,成都行迹科技有限公司,4K-6K,成都-高新区,五险一金全勤奖餐补节日福利绩效奖金
银行公积金柜员可转编制（龙岗天安数码城）,民营,10000人以上,2019-09-20 10:00:06,本科,银行,不限,银雁科技服务集团股份有限公司,6K-8K,深圳-龙岗区,五险一金免费班车周末双休带薪年假
网上银行柜员+保底3500元116,民营,20-99人,2019-09-19 18:06:33,大专,客服/售前/售后技术支持,不限,合肥友惠企业咨询服务有限公司,3.5K-6.5K,成都-天府新区,五险一金餐补绩效奖金加班补助
襄城县银行柜员筹备,民营,100-499人,2019-09-20 09:55:58,大专,其他,无经验,河南实诺金融服务有限公司,2K-3K,许昌,节日福利绩效奖金五险
某商业银行公积金柜员岗（轻松稳定、龙岗平湖广场）,民营,10000人以上,2019-09-20 10:01:38,大专,银行,不限,银雁科技服务集团股份有限公司,4K-6K,深圳,五险一金绩效奖金周末双休
急聘银行柜员,上市公司,不限,2019-09-11 18:16:49,大专,银行,不限,中国平安人寿保险股份有限公司成都电话销售中心武侯分部彩虹部,6K-8K,成都,全勤奖五险一金年底双薪不加班周末双休
国企银行柜员/应届生,国企,10000人以上,2019-09-13 11:26:29,中专,销售业务,不限,太平人寿保险有限公司庐江支公司,8K-10K,黄冈-黄梅县,国企直招银行平台六险两金周末双休年底双薪
公积金柜员，可转银行正编,银行,100-499人,2019-09-15 16:09:46,本科,银行,不限,深圳市昆盛企业管理咨询有限公司,6K-8K,深圳-福田区,五险一金绩效奖金全勤奖年底双薪不加班
银行公积金柜员可转编制（南山前海）,民营,10000人以上,2019-09-20 10:00:06,本科,银行,不限,银雁科技服务集团股份有限公司,6K-8K,深圳-南山区,五险一金免费班车周末双休带薪年假
平安银行柜员,民营,1000-9999人,2019-09-02 21:45:46,大专,银行,不限,中国平安人寿保险股份有限公司重庆市江北支公司五里店营业部精英养成部,6K-8K,重庆,绩效奖金带薪年假五险一金年底双薪年终分红
银行柜员（急）,上市公司,不限,2019-08-26 13:44:32,大专,银行,不限,中国平安人寿保险股份有限公司成都电话销售中心武侯分部阳光部,6K-8K,成都,五险一金全勤奖高温补贴周末双休节日福利
可转编制银行公积金柜员（龙岗天安数码城）,民营,10000人以上,2019-09-20 09:59:37,本科,银行,不限,银雁科技服务集团股份有限公司,4K-6K,深圳-龙岗区,五险一金绩效奖金不加班节日福利高温补贴
某商业银行公积金柜员岗（可转编制+福田）,民营,10000人以上,2019-09-20 09:59:36,本科,银行,不限,银雁科技服务集团股份有限公司,4K-6K,深圳,五险一金绩效奖金周末双休
银行会计柜员（民生银行莆田分行）,民营,500-999人,2019-09-18 00:52:37,本科,银行,不限,民生电商控股(深圳)有限公司,3K-5K,莆田-城厢区,五险一金绩效奖金餐补带薪年假节日福利
银行离场柜员,股份制企业,100-499人,2019-09-19 09:45:06,中专,银行,不限,云南博海科技有限公司,2.5K-5K,曲靖,全勤奖公司重点项目定期团建项目奖金周末双休
平安银行移动柜员,股份制企业,1000-9999人,2019-09-11 07:05:35,大专,银行,不限,中国平安人寿保险股份有限公司内蒙古分公司呼和浩特市锡林南路营销服务部资深导师培训部,8K-10K,呼和浩特,绩效奖金弹性工作全勤奖定期体检员工旅游
银行公积金柜员可转编制（罗湖）,民营,10000人以上,2019-09-20 10:00:11,本科,银行,不限,银雁科技服务集团股份有限公司,4K-6K,深圳-罗湖区,五险一金
银行综合柜员[上海],外商独资,20-99人,2019-09-03 18:09:05,本科,银行,1-3年,第一商业银行股份有限公司上海分行,5.5K-9K,上海,五险一金年底双薪带薪年假加班补助
工商银行，公积金柜员，就近分配,银行,100-499人,2019-09-15 16:09:53,大专,银行,不限,深圳市昆盛企业管理咨询有限公司,2K-4K,深圳,五险一金年底双薪绩效奖金高温补贴节日福利
银行综合柜员[上海分行],外商独资,20-99人,2019-09-14 00:50:06,本科,银行,1年以下,第一商业银行股份有限公司上海分行,5.5K-7K,上海,五险一金年底双薪带薪年假加班补助
国有银行公积金柜员（宝安）,民营,10000人以上,2019-09-20 09:58:52,大专,银行,不限,银雁科技服务集团股份有限公司,3.5K-4K,深圳-宝安区,五险一金绩效奖金定期体检免费班车定期团建
银行综合柜员（汝阳）(J12171),股份制企业,500-999人,2019-09-19 11:31:18,大专,银行,不限,郑州银雁金融配套服务有限公司洛阳分公司,2K-4K,洛阳-汝阳县,绩效奖金全勤奖定期团建交社保五险一金
张家口银行沧州分行派遣制综合柜员,民营,1000-9999人,2019-09-13 11:22:21,本科,银行,不限,河北大唐人力资源服务有限公司,1.8K-2.8K,沧州,五险一金节日福利
许都地区银行综合柜员,民营,100-499人,2019-09-20 09:55:57,大专,银行,无经验,河南实诺金融服务有限公司,2K-3K,许昌,节日福利绩效奖金五险
许昌市银行综合柜员,民营,100-499人,2019-09-20 09:55:56,大专,银行,不限,河南实诺金融服务有限公司,2K-4K,许昌,绩效奖金节日福利五险
银行公积金柜员（宝安流塘）,民营,10000人以上,2019-09-20 10:01:41,本科,银行,不限,银雁科技服务集团股份有限公司,4K-6K,深圳-宝安区,五险一金绩效奖金带薪年假免费班车员工旅游
可转编制银行公积金柜员岗（南山前海）,民营,10000人以上,2019-09-20 10:02:23,本科,银行,不限,银雁科技服务集团股份有限公司,4K-6K,深圳,五险一金绩效奖金周末双休
某商业银行公积金柜员岗（轻松稳定、可转编制、南山前海）,民营,10000人以上,2019-09-20 10:00:12,本科,银行,不限,银雁科技服务集团股份有限公司,4K-6K,深圳,五险一金绩效奖金周末双休
银行线上柜员/纯客服216,股份制企业,500-999人,2019-09-19 18:02:23,大专,客服/售前/售后技术支持,不限,成都汉威荣创科技有限责任公司,4K-6K,成都,五险一金年底双薪绩效奖金餐补员工旅游
银行公积金柜员（罗湖）,民营,10000人以上,2019-09-20 09:58:53,本科,银行,不限,银雁科技服务集团股份有限公司,4K-6K,深圳-罗湖区,五险一金绩效奖金定期体检免费班车定期团建
银行公积金柜员（福田）,民营,10000人以上,2019-09-20 09:59:36,本科,银行,不限,银雁科技服务集团股份有限公司,4K-6K,深圳-福田区,五险一金绩效奖金不加班节日福利高温补贴
FESCO代某股份制银行招聘柜员,国企,500-999人,2019-09-11 17:10:41,本科,银行,1-3年,北京外企人力资源服务有限公司,6K-8K,北京,五险一金绩效奖金
某银行公积金柜员可转编制（福田）,民营,10000人以上,2019-09-20 10:00:11,本科,银行,不限,银雁科技服务集团股份有限公司,4K-6K,深圳-福田区,五险一金
银行公积金柜员（南山前海）,民营,10000人以上,2019-09-20 10:00:18,本科,银行,不限,银雁科技服务集团股份有限公司,4K-6K,深圳-南山区,五险一金绩效奖金不加班节日福利员工旅游
银行综合柜员,股份制企业,10000人以上,2019-09-06 08:16:24,本科,银行,1-3年,中国平安人寿保险股份有限公司重庆市江北支公司五里店营业部五部,10K-15K,重庆,周末双休五险一金绩效奖金全勤奖弹性工作
银行厅堂大堂经理和柜员,民营,100-499人,2019-09-20 09:55:57,大专,银行,不限,河南实诺金融服务有限公司,2.5K-5K,许昌,绩效奖金节日福利五险
银行柜员,民营,1000-9999人,2019-09-19 09:38:34,大专,银行,不限,安徽银雁金融外包服务有限公司,2.7K-5K,马鞍山,绩效奖金带薪年假补充医疗保险节日福利
银行销售柜员/国企正编,国企,10000人以上,2019-09-11 22:34:10,学历不限,行政/后勤/文秘,不限,太平人寿保险有限公司庐江支公司,8K-10K,黄冈-黄梅县,国企直招银行平台六险两金周末双休年底双薪
某商业银行公积金柜员岗（轻松稳定、南山前海）,民营,10000人以上,2019-09-20 10:02:24,大专,银行,不限,银雁科技服务集团股份有限公司,4K-6K,深圳,五险一金绩效奖金周末双休
银行柜员,民营,不限,2019-09-20 10:21:18,大专,银行,不限,辽宁翔凤人力资源有限公司,4K-6K,沈阳,五险一金免费班车带薪年假包住
某商业银行公积金柜员岗（可转编制、凤岗）,民营,10000人以上,2019-09-20 10:01:44,本科,银行,不限,银雁科技服务集团股份有限公司,4K-6K,深圳,五险一金绩效奖金周末双休
某商业银行公积金柜员岗（可转编制、福田福景）,民营,10000人以上,2019-09-20 10:00:12,本科,银行,不限,银雁科技服务集团股份有限公司,4K-6K,深圳,五险一金绩效奖金周末双休
正式直签辽阳银行沈阳支行客户经理柜员32周岁以内本科学历,民营,20-99人,2019-09-12 10:35:41,大专,银行,不限,抚顺市新抚区聚英人力输送服务中心,4K-6K,沈阳,五险一金绩效奖金带薪年假无试用期定期体检
银行公积金柜员可转编制（龙岗）,民营,10000人以上,2019-09-20 10:00:11,本科,银行,不限,银雁科技服务集团股份有限公司,4K-6K,深圳-龙岗区,五险一金
FESCO代某国有银行招聘柜员,国企,500-999人,2019-09-20 09:24:31,大专,银行,不限,北京外企人力资源服务有限公司,6K-8K,北京-东城区,五险一金绩效奖金全勤奖
FESCO代某股份制银行招聘派遣柜员-密云区,国企,500-999人,2019-09-20 09:24:29,大专,银行,不限,北京外企人力资源服务有限公司,6K-8K,北京-密云县,五险一金带薪年假补充医疗保险节日福利
招聘银行柜员,民营,20-99人,2019-09-05 09:31:09,大专,银行,不限,北京首用科技有限公司,6K-8K,北京,五险一金包住高温补贴员工旅游每年多次调薪
某商业银行公积金柜员岗（轻松稳定、可转编制、福田）,民营,10000人以上,2019-09-20 10:01:46,本科,银行,不限,银雁科技服务集团股份有限公司,4K-6K,深圳,五险一金绩效奖金周末双休
FESCO代某国有银行招聘柜员,国企,500-999人,2019-09-20 09:24:31,大专,银行,不限,北京外企人力资源服务有限公司,6K-8K,北京-朝阳区,五险一金绩效奖金全勤奖
FESCO代某国有银行招聘柜员,国企,500-999人,2019-09-20 09:24:29,大专,银行,不限,北京外企人力资源服务有限公司,6K-8K,北京-西城区,五险一金绩效奖金
国有银行招聘柜员,国企,500-999人,2019-09-20 09:24:30,大专,银行,不限,北京外企人力资源服务有限公司,6K-8K,北京,五险一金
FESCO代银行招聘综合柜员[北京],国企,500-999人,2019-09-20 09:24:31,大专,银行,1-3年,北京外企人力资源服务有限公司,6K-8K,北京,五险一金绩效奖金全勤奖
FESCO代某股份制银行招聘派遣柜员-昌平区 ,国企,500-999人,2019-09-20 09:24:30,大专,银行,不限,北京外企人力资源服务有限公司,6K-8K,北京-昌平区,五险一金带薪年假节日福利
银行公积金柜员岗（可转编制+福田福民）,民营,10000人以上,2019-09-20 10:00:17,本科,银行,不限,银雁科技服务集团股份有限公司,4K-6K,深圳,五险一金绩效奖金周末双休
FESCO代某股份制银行招聘派遣柜员-大兴新机场 ,国企,500-999人,2019-09-20 09:24:30,大专,银行,不限,北京外企人力资源服务有限公司,6K-8K,北京-大兴区,五险一金带薪年假补充医疗保险节日福利
国有银行总行柜员,国企,500-999人,2019-09-20 09:24:29,大专,银行,不限,北京外企人力资源服务有限公司,5K-10K,北京-西城区,节日福利五险一金带薪年假补充医疗保险绩效奖金
Fesco代国有银行招聘综合柜员,国企,500-999人,2019-09-20 09:24:29,大专,银行,不限,北京外企人力资源服务有限公司,6K-8K,北京,
FESCO代某国有银行招聘柜员-中关村,国企,500-999人,2019-09-20 09:24:31,大专,银行,不限,北京外企人力资源服务有限公司,6K-8K,北京-海淀区,五险一金绩效奖金全勤奖
FESCO代某国有银行招聘柜员,国企,500-999人,2019-09-20 09:24:31,大专,银行,不限,北京外企人力资源服务有限公司,6K-8K,北京-通州区,五险一金绩效奖金全勤奖
成都某银行柜员！,民营,20人以下,2019-09-13 01:34:01,大专,银行,不限,重庆和纵人力资源管理有限公司,4K-8K,成都,晋升机会多晋升空间大节日福利加班补助五险一金
FESCO代国有银行招聘派遣柜员[北京],国企,500-999人,2019-09-20 09:24:29,大专,银行,不限,北京外企人力资源服务有限公司,6K-8K,北京,五险一金绩效奖金
FESCO代某国有银行招聘柜员,国企,500-999人,2019-09-20 09:24:29,大专,银行,不限,北京外企人力资源服务有限公司,6K-8K,北京-丰台区,五险一金绩效奖金
银行公积金柜员岗（可转编制+福田车公庙）,民营,10000人以上,2019-09-20 09:58:54,本科,银行,不限,银雁科技服务集团股份有限公司,4K-6K,深圳,五险一金绩效奖金周末双休
FESCO代某股份制银行招聘派遣柜员,国企,500-999人,2019-09-11 17:19:59,本科,银行,1-3年,北京外企人力资源服务有限公司,6K-8K,北京,五险一金绩效奖金
FESCO代某股份制银行招聘柜员,国企,500-999人,2019-09-20 09:24:30,本科,银行,1-3年,北京外企人力资源服务有限公司,4K-8K,北京,五险一金绩效奖金全勤奖
企业银行（中国）青岛地区分（支）行-综合柜员,外商独资,100-499人,2019-09-04 14:38:58,本科,银行,不限,企业银行(中国)有限公司,4K-6K,青岛-崂山区,节日福利五险一金加班补助带薪年假定期体检
FESCO代某国有银行招聘柜员-中关村,国企,500-999人,2019-09-20 09:24:31,大专,银行,不限,北京外企人力资源服务有限公司,6K-8K,北京-昌平区,五险一金绩效奖金全勤奖
企业银行烟台分行-综合柜员,外商独资,100-499人,2019-08-26 13:37:17,本科,银行,不限,企业银行(中国)有限公司,4K-6K,烟台-芝罘区,五险一金加班补助带薪年假定期体检高温补贴
FESCO代某股份制银行招聘派遣柜员-门头沟区 ,国企,500-999人,2019-09-20 09:24:30,大专,银行,不限,北京外企人力资源服务有限公司,6K-8K,北京-门头沟区,五险一金带薪年假补充医疗保险节日福利
某银行公积金柜员可转编制（南山前海）,民营,10000人以上,2019-09-20 10:00:11,本科,银行,不限,银雁科技服务集团股份有限公司,4K-6K,深圳-南山区,五险一金
平安银行综合服务柜员（4K-6k）,上市公司,10000人以上,2019-09-18 11:40:52,大专,银行,1-3年,中国平安人寿保险股份有限公司河南分公司发展国际营业部,8K-10K,郑州,五险一金绩效奖金年终分红带薪年假补充医疗保险
客服专员（似银行柜员六险+周末双休）,民营,10000人以上,2019-09-19 16:41:54,本科,行政/后勤/文秘,不限,宜信普惠信息咨询(北京)有限公司,4K-6.5K,长沙-雨花区,五险一金绩效奖金带薪年假定期体检节日福利
银行纯客服/线上柜员+4千116,民营,20-99人,2019-09-19 18:06:29,大专,客服/售前/售后技术支持,不限,合肥友惠企业咨询服务有限公司,4K-6K,成都-天府新区,五险一金全勤奖加班补助餐补年底双薪
银行公积金柜员岗（南山前海）,民营,10000人以上,2019-09-20 10:00:03,本科,银行,不限,银雁科技服务集团股份有限公司,6K-8K,深圳-南山区,五险一金绩效奖金带薪年假员工旅游节日福利
银行运营柜员-三亚/海口,民营,500-999人,2019-09-04 11:05:14,本科,银行,1-3年,民生电商控股(深圳)有限公司,5K-10K,三亚,带薪年假五险一金餐补节日福利高温补贴
民生银行会计柜员,民营,500-999人,2019-09-11 09:42:47,大专,银行,不限,民生电商控股(深圳)有限公司,3.5K-5K,青岛-胶州市,带薪年假绩效奖金五险一金补充医疗保险
新乡村镇银行大堂经理柜员岗位,民营,1000-9999人,2019-09-03 17:23:51,大专,银行,不限,河南圆方人力资源管理有限公司,2K-4K,新乡-新乡县,五险一金节日福利绩效奖金加班补助
银行柜员,民营,500-999人,2019-08-20 09:26:54,本科,银行,不限,民生电商控股(深圳)有限公司,3K-6K,哈尔滨-道里区,包吃带薪年假绩效奖金定期体检健身俱乐部
银行柜员,民营,500-999人,2019-09-09 14:12:34,本科,银行,不限,辽宁银雁技术服务有限公司,2K-4K,鞍山,五险一金周末双休节日福利绩效奖金
银行移动柜员,股份制企业,不限,2019-09-12 11:06:06,学历不限,银行,不限,中国平安人寿保险股份有限公司内蒙古分公司呼和浩特市锡林南路营销服务部创新部,6K-8K,呼和浩特,全勤奖绩效奖金周末双休
邮储银行金融柜员,国企,100-499人,2019-08-26 16:41:28,本科,银行,不限,中国邮政集团公司福州市长乐区分公司,4K-8K,福州,五险一金绩效奖金带薪年假高温补贴项目奖金
银行柜员,民营,1000-9999人,2019-09-18 09:34:35,大专,银行,不限,广州市金富通金融企业服务有限公司,5K-5.5K,广州,五险一金带薪年假定期体检高温补贴节日福利
银行综合柜员,股份制企业,500-999人,2019-08-22 08:50:27,大专,银行,不限,郑州银雁金融配套服务有限公司信阳分公司,2K-4K,驻马店-新蔡县,绩效奖金不加班补充医疗保险节日福利高温补贴
延津县某银行柜员,股份制企业,500-999人,2019-09-19 09:14:23,大专,银行,无经验,郑州银雁金融配套服务有限公司,2K-4K,新乡,绩效奖金全勤奖节日福利通讯补助五险一金
浙商银行深圳坪山支行 综合柜员,国企,10000人以上,2019-07-04 18:27:25,本科,银行,3-5年,浙商银行股份有限公司深圳分行,8K-10K,深圳,周末双休五险一金绩效奖金节日福利带薪年假
某银行柜员招聘,股份制企业,20-99人,2019-09-16 09:53:22,大专,银行,不限,重庆奇诺人力资源管理有限公司,4K-6K,重庆,五险一金年底双薪绩效奖金年终分红带薪年假
银行柜员（就近安排+五险一金）(J12072),民营,1000-9999人,2019-09-18 09:17:15,本科,银行,不限,安徽银雁金融外包服务有限公司,2K-4K,淮南,节日福利定期团建五险一金
银行柜员/现金业务岗,国企,100-499人,2019-09-05 08:32:40,大专,银行,不限,陕西银杰金融信息服务有限公司,4K-6K,西安,五险一金绩效奖金带薪年假节日福利
银行柜员,民营,1000-9999人,2019-09-09 10:14:27,大专,银行,1-3年,信雅达(杭州)计算机服务有限公司,6K-8K,青岛-市南区,节日福利周末双休五险一金加班补助全勤奖
银行柜员,民营,100-499人,2019-09-09 08:51:35,大专,银行,不限,承德通达中等专业学校,2K-4K,北京,五险一金加班补助全勤奖餐补房补
银行柜员,民营,100-499人,2019-09-15 11:31:53,大专,银行,不限,重庆志烨实业股份有限公司,4K-6K,重庆,五险一金
银行柜员,民营,100-499人,2019-09-09 08:51:35,大专,银行,不限,承德通达中等专业学校,2K-4K,承德,五险一金加班补助全勤奖餐补房补
银行柜员,民营,100-499人,2019-08-30 09:19:39,大专,银行,不限,海南好思达网络科技有限公司,2K-2.8K,海口,绩效奖金带薪年假定期体检员工旅游节日福利
BK22QH-平安银行咸阳分行零售柜员,股份制企业,10000人以上,2019-08-21 19:15:29,本科,银行,1-3年,平安银行股份有限公司西安分行,4K-6K,咸阳,五险一金带薪年假节日福利补充医疗保险定期体检
银行——储备柜员（东莞）,民营,1000-9999人,2019-09-02 10:01:09,本科,银行,不限,广州市金富通金融企业服务有限公司,4K-5.5K,东莞,五险一金绩效奖金定期体检高温补贴节日福利
银行综合柜员（洛宁）(J11735),股份制企业,500-999人,2019-09-19 17:10:37,大专,银行,不限,郑州银雁金融配套服务有限公司洛阳分公司,2K-4K,洛阳-西工区,五险一金绩效奖金全勤奖定期团建
银行柜员,股份制企业,1000-9999人,2019-07-19 13:52:27,大专,银行,不限,中国平安人寿保险股份有限公司重庆市江北支公司五里店营业部人事储备部,8K-10K,重庆,五险一金年底双薪绩效奖金全勤奖采暖补贴
银行储备柜员,民营,1000-9999人,2019-09-18 09:34:38,大专,银行,不限,广州市金富通金融企业服务有限公司,3.5K-5K,广州,节日福利五险一金绩效奖金带薪年假定期体检
民生银行临时柜员兼职,民营,20-99人,2019-08-28 21:29:40,大专,兼职/临时,不限,湖北外服金财税咨询有限公司,1K以下,武汉-武昌区,节日福利六险两金包吃
银行综合柜员（新安）(J11813),股份制企业,500-999人,2019-09-17 17:25:54,大专,银行,不限,郑州银雁金融配套服务有限公司洛阳分公司,2K-4K,洛阳-新安县,绩效奖金全勤奖定期团建五险一金
哈尔滨银行综合柜员,民营,20-99人,2019-09-18 13:11:18,本科,银行,1-3年,大连永悦人力资源顾问有限公司,3K-4K,大连,五险一金
银行远程柜员+五险一金+地铁口,民营,20-99人,2019-09-19 22:18:07,大专,银行,不限,南京思迈尔教育咨询有限公司,4K-6K,南京,五险一金年底双薪绩效奖金带薪年假节日福利
哈尔滨银行综合柜员,民营,20-99人,2019-09-18 13:11:18,本科,银行,1-3年,大连永悦人力资源顾问有限公司,3K-4K,大连,五险一金
哈尔滨银行综合柜员,民营,20-99人,2019-09-18 13:11:18,本科,银行,1-3年,大连永悦人力资源顾问有限公司,3K-4K,大连,五险一金
哈尔滨银行综合柜员,民营,20-99人,2019-09-18 13:11:18,本科,银行,1-3年,大连永悦人力资源顾问有限公司,3K-4K,大连,五险一金
银行柜员,上市公司,10000人以上,2019-08-09 10:03:29,大专,银行,1年以下,中国平安人寿保险股份有限公司重庆市江北支公司优才人力管理部,6K-8K,重庆,五险一金年底双薪补充医疗保险定期体检弹性工作
柜员（湖州市区）,股份制企业,10000人以上,2019-09-20 08:36:50,本科,银行,不限,台州银行股份有限公司,薪资面议,湖州-吴兴区,六险二金带薪年假定期体检高温补贴节日福利
交通银行营销客户经理,上市公司,1000-9999人,2019-09-15 17:18:27,大专,销售业务,不限,交通银行股份有限公司太平洋信用卡中心,4K-8K,广州,弹性工作补充医疗保险带薪年假交通补助五险一金
企业银行（中国）天津武清支行-柜员及客户经理招聘,外商独资,100-499人,2019-08-06 09:37:24,本科,销售管理,不限,企业银行(中国)有限公司,4K-6K,天津-武清区,节日福利五险一金加班补助带薪年假定期体检
银行会计柜员（福州）,民营,500-999人,2019-07-04 11:02:39,大专,银行,不限,民生电商控股(深圳)有限公司,3K-5K,福州,五险一金绩效奖金加班补助餐补带薪年假
兼职实习生银行超柜审核,合资,1000-9999人,2019-09-20 14:14:32,中技,银行,不限,杭州银雁金融配套服务有限公司金华分公司,2K-4K,杭州-下城区,餐补
银行会计/柜员,国企,10000人以上,2019-07-04 19:10:23,本科,银行,不限,华夏银行股份有限公司佛山分行,5K-10K,佛山-禅城区,五险一金绩效奖金交通补助餐补房补
银行一般职员（必须会韩语）,外商独资,100-499人,2019-09-20 14:19:29,本科,银行,不限,友利银行(中国)有限公司深圳分行,7K-9K,深圳,住房补贴加班补助绩效奖金五险一金带薪年假
证券综合柜员,上市公司,20-99人,2019-09-20 14:07:17,本科,银行,不限,太平洋证券股份有限公司杭州太和广场证券营业部,6K-8K,杭州-上城区,交通补助餐补定期体检五险一金通讯补助
农商行柜员,民营,100-499人,2019-09-20 14:21:36,大专,银行,不限,合肥易德信息科技有限公司,4K-6K,马鞍山,年底双薪绩效奖金年终分红包吃全勤奖
平安银行客服（应届毕业生优先）,股份制企业,10000人以上,2019-09-20 14:20:47,大专,银行,不限,中国平安人寿保险股份有限公司河南分公司河南综合管理部,2K-4K,郑州,五险一金绩效奖金全勤奖节日福利周末双休
银行客户经理销售精英,股份制企业,1000-9999人,2019-09-19 22:55:26,中专,银行,不限,广发银行股份有限公司广州分行,20K-30K,广州,周末双休五险一金年底双薪绩效奖金带薪年假
马鞍山农商行柜员,民营,100-499人,2019-09-20 14:16:25,大专,银行,不限,合肥易德信息科技有限公司,4K-6K,马鞍山,年底双薪绩效奖金年终分红包吃全勤奖
国企交通银行6000底薪急聘客户经理,上市公司,1000-9999人,2019-09-16 17:58:38,大专,银行,不限,交通银行股份有限公司太平洋信用卡中心,8K-16K,广州,五险一金带薪年假弹性工作餐补补充医疗保险
银行资料代填专员+餐补住宿+上市企业,上市公司,1000-9999人,2019-09-20 14:49:16,大专,客服/售前/售后技术支持,不限,安徽泰盈信息科技有限公司,4K-7K,合肥,五险一金绩效奖金全勤奖包住餐补
银行柜员,国企,100-499人,2019-07-22 10:56:24,本科,银行,1-3年,诚通人力资源有限公司,15K-20K,北京,周末双休五险一金不加班员工旅游带薪年假
银行 柜员,股份制企业,不限,2019-08-29 12:15:12,本科,银行,1-3年,日照银行股份有限公司青岛平度支行,6K-9K,青岛-平度市,五险一金绩效奖金定期体检交通补助通讯补助
国企交通银行6000底薪急聘信用卡精英,上市公司,1000-9999人,2019-09-05 15:26:50,大专,银行,不限,交通银行股份有限公司太平洋信用卡中心,12K-22K,广州,五险一金带薪年假弹性工作餐补补充医疗保险
交通银行驻点高级客户经理,上市公司,1000-9999人,2019-09-04 19:20:13,大专,银行,不限,交通银行股份有限公司太平洋信用卡中心,8K-10K,广州,五险一金带薪年假弹性工作餐补补充医疗保险
6000底薪银行驻点销售,上市公司,1000-9999人,2019-09-04 19:41:54,大专,销售业务,不限,交通银行股份有限公司太平洋信用卡中心,10K-15K,广州,五险一金带薪年假弹性工作餐补补充医疗保险
交通银行6000底薪急聘销售精英-广州LM,上市公司,1000-9999人,2019-09-02 20:04:30,大专,销售业务,不限,交通银行股份有限公司太平洋信用卡中心,12K-22K,广州,五险一金带薪年假弹性工作餐补补充医疗保险
6000底薪招聘交通银行客户经理,上市公司,1000-9999人,2019-09-16 18:00:18,大专,销售业务,不限,交通银行股份有限公司太平洋信用卡中心,10K-15K,广州-越秀区,五险一金交通补助弹性工作高温补贴无试用期
交通银行高级秒批代表,上市公司,1000-9999人,2019-09-02 20:46:31,大专,银行,不限,交通银行股份有限公司太平洋信用卡中心,8K-10K,广州,五险一金绩效奖金带薪年假弹性工作补充医疗保险
银行销售,股份制企业,1000-9999人,2019-09-09 21:47:02,大专,销售业务,不限,广发银行股份有限公司广州分行,6K-12K,广州,五险一金绩效奖金高温补贴定期体检年底双薪
国企交通银行6000底薪急聘信用卡销售精英-广州LM,上市公司,1000-9999人,2019-09-07 16:49:30,大专,银行,不限,交通银行股份有限公司太平洋信用卡中心,12K-22K,广州,五险一金带薪年假弹性工作餐补补充医疗保险
国企交通银行6000底薪聘白金专员-广州LM,上市公司,1000-9999人,2019-08-29 15:30:52,大专,银行,不限,交通银行股份有限公司太平洋信用卡中心,12K-22K,广州,五险一金带薪年假弹性工作餐补补充医疗保险
底薪4000+银行编制销售精英！,股份制企业,1000-9999人,2019-09-19 00:38:58,中专,销售业务,不限,广发银行股份有限公司广州分行,10K-15K,广州,周末双休五险一金年底双薪绩效奖金带薪年假
综合柜员,民营,1000-9999人,2019-09-20 14:19:17,大专,银行,1-3年,浙江民泰商业银行股份有限公司,4K-6K,宁波,绩效奖金通讯补助五险一金餐补带薪年假
相城地区柜员岗,国企,1000-9999人,2019-09-20 14:25:21,本科,银行,不限,江苏常熟农村商业银行股份有限公司,薪资面议,苏州-相城区,五险一金定期体检带薪年假通讯补助高温补贴
银行柜员,股份制企业,20-99人,2019-09-16 10:39:20,大专,银行,不限,济南高新北海村镇银行股份有限公司,4K-6K,济南,五险一金绩效奖金包吃采暖补贴定期体检
泗洪支行柜员岗,国企,1000-9999人,2019-09-20 14:12:22,本科,银行,不限,江苏常熟农村商业银行股份有限公司,薪资面议,宿迁,五险一金定期体检带薪年假通讯补助高温补贴
云柜员,国企,500-999人,2019-09-12 16:21:05,本科,银行,不限,中国民生银行,5.6K-6.6K,武汉-江汉区,每年多次调薪五险一金年底双薪绩效奖金包吃
银行综合柜员招聘 五险一金,民营,100-499人,2019-07-04 19:22:29,大专,银行,1-3年,四川祥博企业管理有限公司,3.5K-5.5K,成都,五险一金绩效奖金带薪年假加班补助全勤奖
吴中地区柜员岗,国企,1000-9999人,2019-09-20 14:10:05,本科,银行,不限,江苏常熟农村商业银行股份有限公司,薪资面议,苏州-吴中区,五险一金定期体检带薪年假通讯补助高温补贴
银行柜员x,民营,100-499人,2019-08-13 20:21:26,大专,银行,不限,吉林省途跃人力资源有限公司,4K-6K,长春,加班补助定期体检补充医疗保险年底双薪五险一金
柜员/Teller,外商独资,1000-9999人,2019-08-26 09:54:14,大专,银行,1-3年,大华银行（中国）有限公司,5K-9K,北京,
平安银行柜员,上市公司,10000人以上,2019-09-18 18:56:08,大专,银行,3-5年,中国平安人寿保险股份有限公司四川分公司鸿创团队,6K-8K,成都,
银行会计/核算/银行柜员/贷款/证券,民营,不限,2019-09-17 17:46:13,大专,银行,不限,深圳巨猿网络科技有限责任公司,4.5K-6.5K,深圳-宝安区,五险一金绩效奖金年终分红加班补助全勤奖
银行柜员v,民营,100-499人,2019-08-13 20:21:52,大专,银行,不限,吉林省途跃人力资源有限公司,4K-6K,长春,加班补助定期体检补充医疗保险年底双薪五险一金
西湖区银行账户业务处理,合资,1000-9999人,2019-09-20 14:07:34,大专,银行,3-5年,杭州银雁金融配套服务有限公司金华分公司,4K-6K,杭州-西湖区,节日福利五险一金加班补助年底双薪高温补贴
银行柜员,民营,100-499人,2019-08-08 15:21:56,本科,银行,1-3年,深圳佰利国际商务有限公司,6K-10K,深圳,绩效奖金大牛带队定期团建带团队项目奖金
银行柜员,民营,100-499人,2019-08-08 15:21:56,本科,银行,1-3年,深圳佰利国际商务有限公司,6K-10K,深圳,绩效奖金大牛带队定期团建带团队项目奖金
银行柜员,民营,100-499人,2019-08-13 20:14:08,大专,银行,不限,吉林省途跃人力资源有限公司,4K-6K,长春,加班补助定期体检补充医疗保险年底双薪五险一金
银行客服（培训+带教）,民营,1000-9999人,2019-09-20 14:43:37,中专,银行,不限,上海迪扬信息科技有限公司,5K-8K,广州-白云区,五险一金年底双薪全勤奖员工旅游高温补贴
银行柜员s,民营,100-499人,2019-08-13 20:18:55,大专,银行,不限,吉林省途跃人力资源有限公司,4K-6K,长春,加班补助定期体检补充医疗保险年底双薪五险一金
银行柜员z,民营,100-499人,2019-08-13 20:20:37,大专,银行,不限,吉林省途跃人力资源有限公司,4K-6K,长春,加班补助定期体检补充医疗保险年底双薪五险一金
银行柜员（就近安排）,民营,1000-9999人,2019-07-03 20:40:51,大专,银行,不限,安徽银雁金融外包服务有限公司,3K-4K,安庆,绩效奖金节日福利带薪年假交通补助
银行柜员,股份制企业,20-99人,2019-07-04 12:34:38,大专,银行,不限,天津京津列车信息咨询有限公司,3.5K-4K,天津,五险一金采暖补贴节日福利不加班
银行柜员g,民营,100-499人,2019-08-13 20:19:50,大专,银行,不限,吉林省途跃人力资源有限公司,4K-6K,长春,加班补助定期体检补充医疗保险年底双薪五险一金
银行柜员d,民营,100-499人,2019-08-13 20:19:21,大专,银行,不限,吉林省途跃人力资源有限公司,4K-6K,长春,加班补助定期体检补充医疗保险年底双薪五险一金
银行柜员a,民营,100-499人,2019-08-13 20:18:13,大专,银行,不限,吉林省途跃人力资源有限公司,4K-6K,长春,加班补助定期体检补充医疗保险年底双薪五险一金
银行柜员（双休+海外旅游）,股份制企业,10000人以上,2019-09-02 17:00:37,大专,银行,1-3年,中国平安人寿保险股份有限公司湖南分公司胜红团队,4K-6K,长沙-开福区,创业公司节日福利周末双休不加班绩效奖金
银行业务员,股份制企业,1000-9999人,2019-08-25 13:59:16,大专,银行,不限,广发银行股份有限公司广州分行,8K-10K,广州,五险一金绩效奖金补充医疗保险定期体检带薪年假
正式工柜员,股份制企业,1000-9999人,2019-09-19 15:45:03,本科,银行,不限,浙江绍兴瑞丰农村商业银行股份有限公司,薪资面议,绍兴-柯桥区,五险一金绩效奖金交通补助餐补通讯补助
外币兑换柜员（北京首都机场）,外商独资,100-499人,2019-09-20 13:50:03,大专,银行,不限,艾西益商务服务(北京)有限公司,4K-6K,北京-顺义区,五险一金绩效奖金全勤奖包住交通补助
金融业务专员（银行信托融资贷款保险信托）,上市公司,10000人以上,2019-09-20 14:14:02,本科,银行,5-10年,中国平安财富管理综合理财部,10K-15K,北京,周末双休绩效奖金弹性工作带薪年假不加班
柜员/会计（派遣制）,国企,10000人以上,2019-09-10 15:51:51,本科,银行,不限,兴业银行股份有限公司,薪资面议,青岛,五险一金补充医疗保险定期体检绩效奖金节日福利
广发银行客户经理（轻松月入过万）,股份制企业,1000-9999人,2019-09-08 09:41:01,中专,销售业务,不限,广发银行股份有限公司广州分行,8K-15K,广州,五险一金绩效奖金采暖补贴带薪年假补充医疗保险
综合柜员（三明）,股份制企业,1000-9999人,2019-08-28 11:14:56,本科,银行,3-5年,厦门银行股份有限公司,4K-6K,三明,五险一金绩效奖金交通补助补充医疗保险高温补贴
柜员（4000+双休）,股份制企业,1000-9999人,2019-09-20 10:33:02,大专,银行,不限,中国平安人寿保险股份有限公司河南分公司鹏远营销部,2K-4K,郑州-金水区,五险一金每年多次调薪出国游项目奖金员工旅游
银行银保柜员 高薪双休,国企,10000人以上,2019-09-14 08:22:39,大专,银行,不限,中国平安财产保险股份有限公司上海市闵行支公司营业部,8K-10K,武汉-江岸区,国企直招六险一金年底双薪周末双休绩效奖金
急聘广发银行卡部正式行员,股份制企业,1000-9999人,2019-08-28 19:50:07,中专,银行,不限,广发银行股份有限公司广州分行,20K-30K,广州,五险一金节日福利带薪年假员工旅游高温补贴
银行类软件测试储备岗,民营,100-499人,2019-09-20 14:43:03,大专,银行,无经验,广州市铂桥信息科技有限公司,4.8K-7.5K,广州,五险一金不加班每年多次调薪带薪年假周末双休
正式工柜员,股份制企业,1000-9999人,2019-09-19 15:45:02,本科,银行,不限,浙江绍兴瑞丰农村商业银行股份有限公司,薪资面议,金华-义乌市,五险一金绩效奖金交通补助餐补通讯补助
银行公积金柜员就近分配,民营,20人以下,2019-09-18 11:51:56,本科,银行,不限,北京昊圳科达劳务服务有限公司深圳分公司,4K-6K,深圳,五险一金绩效奖金带薪年假周末双休节日福利
柜员（湖州南浔）,股份制企业,10000人以上,2019-09-20 08:37:09,本科,银行,不限,台州银行股份有限公司,薪资面议,湖州-吴兴区,六险二金带薪年假定期体检高温补贴节日福利
国企交通银行6000底薪急聘一��客户经理,上市公司,1000-9999人,2019-09-18 15:46:30,大专,银行,不限,交通银行股份有限公司太平洋信用卡中心,12K-22K,广州,五险一金带薪年假弹性工作餐补补充医疗保险
邮政银行镇头、官渡柜员,民营,20-99人,2019-09-10 09:20:09,大专,银行,1-3年,湖南爱康物业管理有限责任公司,2K-4K,长沙-浏阳市,周末双休五险包住月休5天
广发银行诚聘销售精英！五险一金+月入过万！,股份制企业,1000-9999人,2019-09-16 19:48:04,大专,销售业务,不限,广发银行股份有限公司广州分行,10K-20K,广州,五险一金年底双薪绩效奖金带薪年假弹性工作
外币兑换柜员（杭州萧山机场）,外商独资,100-499人,2019-09-20 13:48:01,大专,银行,不限,艾西益商务服务(北京)有限公司,4K-5K,杭州-萧山区,五险一金绩效奖金全勤奖包住交通补助
华福证券宁波北仑柜员,国企,1000-9999人,2019-09-20 14:50:03,本科,银行,1-3年,华福证券有限责任公司浙江分公司,8K-10K,宁波,五险一金绩效奖金定期体检补充医疗保险带薪年假
综合柜员,国企,10000人以上,2019-09-17 11:15:13,本科,银行,不限,中国太平洋人寿保险股份有限公司,2K-4K,上饶,五险一金年底双薪绩效奖金补充医疗保险带薪年假
综合柜员,股份制企业,20-99人,2019-09-15 18:48:01,大专,银行,1年以下,定兴丰源村镇银行股份有限公司,3K-6K,保定,五险一金绩效奖金带薪年假定期体检员工旅游
外币兑换柜员（杭州市区酒店）,外商独资,100-499人,2019-09-20 13:32:04,大专,银行,不限,艾西益商务服务(北京)有限公司,4K-5K,杭州-上城区,五险一金绩效奖金全勤奖交通补助餐补
综合柜员,国企,500-999人,2019-09-20 14:17:25,本科,银行,3-5年,华安证券股份有限公司北京西直门证券营业部,4K-6K,北京,五险一金绩效奖金年终分红加班补助周末双休
运营柜员     北京分行,银行,10000人以上,2019-09-06 14:53:49,本科,银行,1-3年,中国民生银行北京分行,薪资面议,北京,
国企正编 银行驻点服务人员,国企,10000人以上,2019-09-19 23:03:46,大专,银行,不限,太平人寿保险有限公司庐江支公司,6K-8K,武汉-江汉区,国企正编年底双薪绩效奖金年终分红带薪年假
济南高新区银行授权文员,民营,10000人以上,2019-09-03 14:24:13,大专,行政/后勤/文秘,不限,京北方信息技术股份有限公司,2K-4K,济南-高新区,五险一金加班补助
交通银行销售顾问,上市公司,1000-9999人,2019-09-14 15:01:46,大专,销售业务,不限,交通银行股份有限公司太平洋信用卡中心,8K-16K,广州,弹性工作补充医疗保险带薪年假交通补助五险一金
国企交通银行信用卡销售高手,上市公司,1000-9999人,2019-09-16 16:02:32,大专,银行,不限,交通银行股份有限公司太平洋信用卡中心,10K-20K,广州,五险一金带薪年假弹性工作餐补补充医疗保险
交通银行个人金融顾问,上市公司,1000-9999人,2019-09-14 15:04:10,大专,银行,不限,交通银行股份有限公司太平洋信用卡中心,9K-18K,广州,弹性工作补充医疗保险带薪年假交通补助五险一金
招商银行销售代表 行员编制..,股份制企业,100-499人,2019-09-20 10:32:42,大专,银行,不限,招商银行股份有限公司,10K-15K,上海,五险一金年底双薪高温补贴带薪年假定期体检
银行信用卡直招   五险一金,股份制企业,1000-9999人,2019-09-12 12:27:30,大专,销售业务,不限,广发银行股份有限公司广州分行,10K-15K,广州,五险一金绩效奖金高温补贴定期体检年底双薪
广发银行信用卡销售中心,股份制企业,1000-9999人,2019-09-19 18:41:47,大专,银行,不限,广发银行股份有限公司广州分行,10K-15K,广州,五险一金绩效奖金高温补贴定期体检年底双薪
国企交通银行渠道推广客户经理,上市公司,1000-9999人,2019-09-14 15:22:37,大专,银行,不限,交通银行股份有限公司太平洋信用卡中心,8K-16K,广州,弹性工作补充医疗保险带薪年假交通补助五险一金
交通银行信用卡中心销售代表,上市公司,1000-9999人,2019-09-08 17:39:07,大专,银行,不限,交通银行股份有限公司太平洋信用卡中心,8K-10K,广州-越秀区,五险一金绩效奖金定期体检定期团建高温补贴
运营柜员 镇江支行,银行,10000人以上,2019-09-06 15:09:02,本科,银行,1-3年,中国民生银行南京分行,薪资面议,镇江,
国企交通银行高薪急聘信用卡精英,上市公司,1000-9999人,2019-09-16 15:47:22,大专,银行,不限,交通银行股份有限公司太平洋信用卡中心,8K-15K,广州,五险一金带薪年假弹性工作餐补补充医疗保险
国企交通银行6千底薪上班自由销售经理,上市公司,1000-9999人,2019-09-14 15:12:18,大专,销售业务,不限,交通银行股份有限公司太平洋信用卡中心,10K-20K,广州,弹性工作补充医疗保险带薪年假交通补助五险一金
许都地区银行综合柜员,股份制企业,100-499人,2019-09-20 09:49:52,大专,银行,不限,河南实诺企业管理股份有限公司,2K-4K,郑州-金水区,绩效奖金节日福利出国游五险
国企交通银行6000底薪急聘信用卡精英-广州LM,上市公司,1000-9999人,2019-09-08 22:48:21,大专,银行,不限,交通银行股份有限公司太平洋信用卡中心,12K-22K,广州,五险一金带薪年假弹性工作餐补补充医疗保险
交通银行高级业务精英,上市公司,1000-9999人,2019-09-16 16:32:17,大专,销售业务,不限,交通银行股份有限公司太平洋信用卡中心,10K-20K,广州,五险一金带薪年假弹性工作补充医疗保险定期体检
广发银行销售中心4000无责底薪+提成,股份制企业,1000-9999人,2019-09-18 16:37:08,大专,银行,不限,广发银行股份有限公司广州分行,10K-15K,广州,五险一金绩效奖金高温补贴定期体检年底双薪
江苏银行接听客服双休,合资,1000-9999人,2019-09-19 00:50:14,大专,客服/售前/售后技术支持,不限,深圳市小小金融服务有限公司,4K-6K,南京-鼓楼区,五险一金加班补助
大堂柜员,国企,1000-9999人,2019-09-20 14:06:25,本科,银行,不限,中航证券有限公司,3K-6K,长沙,五险一金绩效奖金带薪年假节日福利每年多次调薪
江苏银行远程柜员,合资,100-499人,2019-08-31 12:52:45,大专,银行,不限,南京禾泰通信科技有限公司,4K-6K,南京,五险一金定期体检绩效奖金
运营柜员（派遣制）,银行,10000人以上,2019-09-06 13:58:26,本科,银行,1-3年,中国民生银行上海自贸区分行,薪资面议,上海,
